"country","code","region","year","percRD","GDP","researchers"
"Albania","ALB","Europe & Central Asia","2008",0.15308,12881352687.7775,147.94362
"Algeria","DZA","Middle East & North Africa","2005",0.06604,103198650297.779,164.68938
"Argentina","ARG","Latin America & Caribbean","1997",0.41959,354757527500,694.96944
"Argentina","ARG","Latin America & Caribbean","1998",0.41131,362133800000,703.94526
"Argentina","ARG","Latin America & Caribbean","1999",0.45337,343448277500,712.15431
"Argentina","ARG","Latin America & Caribbean","2000",0.43884,344272910000,715.92965
"Argentina","ARG","Latin America & Caribbean","2001",0.42461,325488360000,688.32
"Argentina","ARG","Latin America & Caribbean","2002",0.38886,123607470068.633,693.18899
"Argentina","ARG","Latin America & Caribbean","2003",0.41013,156988741752.415,720.74542
"Argentina","ARG","Latin America & Caribbean","2004",0.43756,183295704305.31,769.30147
"Argentina","ARG","Latin America & Caribbean","2005",0.46077,222907566120.932,824.5736
"Argentina","ARG","Latin America & Caribbean","2006",0.49462,264489701813.206,898.7168
"Argentina","ARG","Latin America & Caribbean","2007",0.50793,329761480066.765,983.46467
"Argentina","ARG","Latin America & Caribbean","2008",0.52381,406003733832.97,1046.54988
"Argentina","ARG","Latin America & Caribbean","2009",0.5951,378496221140.697,1092.27944
"Argentina","ARG","Latin America & Caribbean","2010",0.61745,462703793707.187,1178.47466
"Argentina","ARG","Latin America & Caribbean","2011",0.64696,557727273772.913,1235.97963
"Australia","AUS","East Asia & Pacific","1996",1.65987,401579666160.85,3328.46049
"Australia","AUS","East Asia & Pacific","1998",1.51324,399523163535.237,3344.82567
"Australia","AUS","East Asia & Pacific","2000",1.57349,415208189411.543,3426.97482
"Australia","AUS","East Asia & Pacific","2002",1.75,394442235244.872,3711.61004
"Australia","AUS","East Asia & Pacific","2004",1.85759,613161189358.372,4015.70721
"Australia","AUS","East Asia & Pacific","2006",2.18873,747463312368.973,4179.1787
"Australia","AUS","East Asia & Pacific","2008",2.40778,1055506156996.89,4280.36005
"Austria","AUT","Europe & Central Asia","1998",1.77157,213329585371.276,2336.70631
"Austria","AUT","Europe & Central Asia","2002",2.12412,207537336721.25,2981.30059
"Austria","AUT","Europe & Central Asia","2004",2.23663,291430382497.377,3167.91195
"Austria","AUT","Europe & Central Asia","2005",2.4587,304983601949.958,3455.63399
"Austria","AUT","Europe & Central Asia","2006",2.43928,324954469985.96,3527.5237
"Austria","AUT","Europe & Central Asia","2007",2.50632,375042040683.649,3811.07393
"Austria","AUT","Europe & Central Asia","2008",2.66957,414171244876.612,4136.62987
"Austria","AUT","Europe & Central Asia","2009",2.70782,383733551535.805,4140.57533
"Austria","AUT","Europe & Central Asia","2010",2.79846,377679836476.596,4312.41701
"Austria","AUT","Europe & Central Asia","2011",2.76578,415984217114.769,4401.07721
"Austria","AUT","Europe & Central Asia","2012",2.83639,394457535617.266,4564.93825
"Belgium","BEL","Europe & Central Asia","1996",1.7645,275796742671.01,2466.90142
"Belgium","BEL","Europe & Central Asia","1997",1.83103,249766576454.668,2573.28897
"Belgium","BEL","Europe & Central Asia","1998",1.85932,255599022004.89,2699.04047
"Belgium","BEL","Europe & Central Asia","1999",1.93301,254503515874.707,2902.77843
"Belgium","BEL","Europe & Central Asia","2000",1.96558,232672747374.24,2974.14393
"Belgium","BEL","Europe & Central Asia","2001",2.06825,232485906040.268,3129.52181
"Belgium","BEL","Europe & Central Asia","2002",1.93609,252795031055.901,2966.26192
"Belgium","BEL","Europe & Central Asia","2003",1.87482,311689616252.822,2977.10736
"Belgium","BEL","Europe & Central Asia","2004",1.85508,361683211959.795,3103.19427
"Belgium","BEL","Europe & Central Asia","2005",1.82957,377350395463.364,3154.33552
"Belgium","BEL","Europe & Central Asia","2006",1.85884,399965710785.108,3294.27807
"Belgium","BEL","Europe & Central Asia","2007",1.89299,459619168192.161,3401.22146
"Belgium","BEL","Europe & Central Asia","2008",1.96686,507379274927.167,3413.71216
"Belgium","BEL","Europe & Central Asia","2009",2.02668,473254348142.433,3519.0442
"Belgium","BEL","Europe & Central Asia","2010",2.10478,471218301721.445,3731.9619
"Belgium","BEL","Europe & Central Asia","2011",2.21281,513317999899.711,3878.18635
"Belgium","BEL","Europe & Central Asia","2012",2.23621,482918013610.427,3982.98387
"Bolivia","BOL","Latin America & Caribbean","1998",0.29495,8497499333.04659,72.39074
"Bolivia","BOL","Latin America & Caribbean","1999",0.29836,8285061618.15839,72.09452
"Bolivia","BOL","Latin America & Caribbean","2000",0.28744,8397858184.79382,70.62753
"Bolivia","BOL","Latin America & Caribbean","2001",0.29358,8141513292.12402,121.12031
"Bolivia","BOL","Latin America & Caribbean","2002",0.27663,7905485216.17852,117.60249
"Bolivia","BOL","Latin America & Caribbean","2009",0.157,17339992165.2422,142.29383
"Bosnia and Herzegovina","BIH","Europe & Central Asia","2003",0.01854,8370020196.19158,59.48181
"Bosnia and Herzegovina","BIH","Europe & Central Asia","2004",0.01611,10022840634.9206,61.4281
"Bosnia and Herzegovina","BIH","Europe & Central Asia","2005",0.02765,10948051122.2738,65.16088
"Bosnia and Herzegovina","BIH","Europe & Central Asia","2006",0.02043,12400102623.3083,173.18602
"Bosnia and Herzegovina","BIH","Europe & Central Asia","2007",0.02603,15280615815.2554,192.61683
"Brazil","BRA","Latin America & Caribbean","2000",1.01825,644701831101.394,423.34055
"Brazil","BRA","Latin America & Caribbean","2001",1.0429,553582178386.192,440.34464
"Brazil","BRA","Latin America & Caribbean","2002",0.98472,504221228974.035,458.39385
"Brazil","BRA","Latin America & Caribbean","2003",0.95792,552469288267.793,495.27669
"Brazil","BRA","Latin America & Caribbean","2004",0.89952,663760341880.342,544.7413
"Brazil","BRA","Latin America & Caribbean","2005",0.97132,882185702547.247,587.7758
"Brazil","BRA","Latin America & Caribbean","2006",1.00801,1088916819852.94,597.00964
"Brazil","BRA","Latin America & Caribbean","2007",1.09514,1366823994658.72,611.95711
"Brazil","BRA","Latin America & Caribbean","2008",1.11431,1653508561457.08,628.52264
"Brazil","BRA","Latin America & Caribbean","2009",1.16614,1620188056416.93,667.2251
"Brazil","BRA","Latin America & Caribbean","2010",1.16042,2143067871759.89,710.27555
"Brunei Darussalam","BRN","East Asia & Pacific","2002",0.01592,5843329101.97699,285.79099
"Brunei Darussalam","BRN","East Asia & Pacific","2003",0.01842,6557333067.38606,277.11092
"Brunei Darussalam","BRN","East Asia & Pacific","2004",0.03701,7872333197.25476,282.43029
"Bulgaria","BGR","Europe & Central Asia","1996",0.57846,8890316777.69345,1782.68608
"Bulgaria","BGR","Europe & Central Asia","1997",0.52394,10053469055.2778,1461.02639
"Bulgaria","BGR","Europe & Central Asia","1998",0.55497,13060786998.114,1472.31284
"Bulgaria","BGR","Europe & Central Asia","1999",0.55308,13228374466.2635,1311.68727
"Bulgaria","BGR","Europe & Central Asia","2000",0.50829,12903546765.0859,1184.79947
"Bulgaria","BGR","Europe & Central Asia","2001",0.45724,13868600709.9324,1161.56665
"Bulgaria","BGR","Europe & Central Asia","2002",0.47705,15979194511.3144,1171.84602
"Bulgaria","BGR","Europe & Central Asia","2003",0.48311,20668176833.8431,1228.25748
"Bulgaria","BGR","Europe & Central Asia","2004",0.48715,25283228366.4529,1268.88822
"Bulgaria","BGR","Europe & Central Asia","2005",0.45762,28895083539.8005,1308.42829
"Bulgaria","BGR","Europe & Central Asia","2006",0.45775,33209188738.5365,1355.92295
"Bulgaria","BGR","Europe & Central Asia","2007",0.45368,42113656147.2255,1481.26288
"Bulgaria","BGR","Europe & Central Asia","2008",0.47024,51824892678.1841,1517.01592
"Bulgaria","BGR","Europe & Central Asia","2009",0.52847,48568714011.5163,1607.26341
"Bulgaria","BGR","Europe & Central Asia","2010",0.59794,47726575741.1669,1485.82217
"Bulgaria","BGR","Europe & Central Asia","2011",0.57041,53542780661.2158,1623.04677
"Bulgaria","BGR","Europe & Central Asia","2012",0.63924,51303659417.9095,1551.97338
"Cabo Verde","CPV","Sub-Saharan Africa","2011",0.07264,1864823990.9938,50.96258
"Cambodia","KHM","East Asia & Pacific","2002",0.0498,4284028138.34851,17.54222
"Canada","CAN","North America","1996",1.65093,626950495049.505,3058.50316
"Canada","CAN","North America","1997",1.65803,651001011122.346,3119.88327
"Canada","CAN","North America","1998",1.7583,631432423323.222,3158.99883
"Canada","CAN","North America","1999",1.79522,674325233896.48,3243.32883
"Canada","CAN","North America","2000",1.90939,739455928893.677,3514.9528
"Canada","CAN","North America","2001",2.08773,732716942148.76,3695.44594
"Canada","CAN","North America","2002",2.04145,752531702032.754,3706.71722
"Canada","CAN","North America","2003",2.03524,887751766469.203,3900.71662
"Canada","CAN","North America","2004",2.06669,1018385574395.47,4085.34415
"Canada","CAN","North America","2005",2.03975,1164179473989.7,4238.35333
"Canada","CAN","North America","2006",2.00489,1310795189078.17,4313.27065
"Canada","CAN","North America","2007",1.9634,1457872837625.94,4587.73086
"Canada","CAN","North America","2008",1.91821,1542560728744.94,4710.8325
"Canada","CAN","North America","2009",1.97052,1370839154047.03,4450.61773
"Canada","CAN","North America","2010",1.86008,1614072093764.07,4578.88124
"Canada","CAN","North America","2011",1.78503,1778632046932.59,4562.82399
"Central Europe and the Baltics","CEB","","1996",0.749231778080952,402251991156.201,1406.38269937084
"Central Europe and the Baltics","CEB","","1997",0.767102470805267,400763634045.435,1394.90476716128
"Central Europe and the Baltics","CEB","","1998",0.747541097629389,439494092045.901,1404.66307349575
"Central Europe and the Baltics","CEB","","1999",0.751585388060561,426343755569.315,1379.9071938127
"Central Europe and the Baltics","CEB","","2000",0.756420999023651,421841859296.803,1372.5692395274
"Central Europe and the Baltics","CEB","","2001",0.759890435385001,462553736882.577,1387.56621646258
"Central Europe and the Baltics","CEB","","2002",0.750462518040547,520064499781.83,1408.90158811127
"Central Europe and the Baltics","CEB","","2003",0.741805596415823,624539234877.778,1420.42645010424
"Central Europe and the Baltics","CEB","","2004",0.747987686488319,749008411531.525,1489.28596469263
"Central Europe and the Baltics","CEB","","2005",0.749357835363214,870145370989.46,1606.52272743115
"Central Europe and the Baltics","CEB","","2006",0.766815831010752,983106597321.783,1612.84607497997
"Central Europe and the Baltics","CEB","","2007",0.775004219330114,1235230843826.03,1675.47945675026
"Central Europe and the Baltics","CEB","","2008",0.80250639989333,1492070395948.96,1738.89998251039
"Central Europe and the Baltics","CEB","","2009",0.853131778153183,1248276349070.54,1753.95627311053
"Central Europe and the Baltics","CEB","","2010",0.897510367083224,1280524118690.01,1823.22387626766
"Central Europe and the Baltics","CEB","","2011",0.985842211706325,1406978668001.63,1838.54407247799
"Central Europe and the Baltics","CEB","","2012",1.09108528691273,1317933460369.72,1907.92721605139
"Chile","CHL","Latin America & Caribbean","2007",0.3105,173006275030.338,333.01194
"Chile","CHL","Latin America & Caribbean","2008",0.37499,179857806671.501,354.04996
"Chile","CHL","Latin America & Caribbean","2009",0.40957,172323378550.078,285.96266
"Chile","CHL","Latin America & Caribbean","2010",0.41722,217501911333.709,317.18711
"China","CHN","East Asia & Pacific","1996",0.56828,856084628929.78,439.13877
"China","CHN","East Asia & Pacific","1997",0.64473,952653115242.534,468.32919
"China","CHN","East Asia & Pacific","1998",0.65297,1019461964544.73,383.72696
"China","CHN","East Asia & Pacific","1999",0.75705,1083278591738.4,417.23123
"China","CHN","East Asia & Pacific","2000",0.90276,1198474937925.34,542.83543
"China","CHN","East Asia & Pacific","2001",0.95069,1324806909020.72,576.69967
"China","CHN","East Asia & Pacific","2002",1.07003,1453827558028.02,625.73243
"China","CHN","East Asia & Pacific","2003",1.13356,1640958734582.48,661.72951
"China","CHN","East Asia & Pacific","2004",1.22989,1931644329934.27,706.839
"China","CHN","East Asia & Pacific","2005",1.32476,2256902590825.33,848.67066
"China","CHN","East Asia & Pacific","2006",1.3883,2712950885444.1,922.79131
"China","CHN","East Asia & Pacific","2007",1.39582,3494055942162.34,1066.72756
"China","CHN","East Asia & Pacific","2008",1.46986,4521827271025.62,1185.95467
"China","CHN","East Asia & Pacific","2009",1.70198,4990233518751.65,852.77564
"China","CHN","East Asia & Pacific","2010",1.75899,5930502270317.42,890.44101
"China","CHN","East Asia & Pacific","2011",1.83617,7321891954612.71,963.20314
"China","CHN","East Asia & Pacific","2012",1.98305,8229490030098.38,1019.57213
"Colombia","COL","Latin America & Caribbean","1996",0.29923,97160111573.337,71.65085
"Colombia","COL","Latin America & Caribbean","1997",0.27366,106659507963.528,75.61734
"Colombia","COL","Latin America & Caribbean","2000",0.10603,99886577575.5444,100.53055
"Colombia","COL","Latin America & Caribbean","2001",0.10945,98203544965.2678,112.32971
"Colombia","COL","Latin America & Caribbean","2002",0.11597,97933392356.4253,127.92966
"Colombia","COL","Latin America & Caribbean","2003",0.14043,94684582573.3167,139.27243
"Colombia","COL","Latin America & Caribbean","2004",0.14201,117074865515.279,155.53201
"Colombia","COL","Latin America & Caribbean","2005",0.14335,146520136085.39,165.86238
"Colombia","COL","Latin America & Caribbean","2006",0.14166,162773603929.706,176.25976
"Colombia","COL","Latin America & Caribbean","2007",0.17053,207520150283.04,184.4825
"Colombia","COL","Latin America & Caribbean","2008",0.18178,244056732297.388,181.20137
"Colombia","COL","Latin America & Caribbean","2009",0.17779,233821670544.258,163.73778
"Colombia","COL","Latin America & Caribbean","2010",0.18054,287018184637.529,154.16689
"Colombia","COL","Latin America & Caribbean","2011",0.18297,335415156702.186,184.26875
"Costa Rica","CRI","Latin America & Caribbean","2003",0.35682,17517536016.1874,131.37879
"Costa Rica","CRI","Latin America & Caribbean","2004",0.37318,18596365926.8535,108.09319
"Costa Rica","CRI","Latin America & Caribbean","2008",0.3984,29831167681.3826,257.02058
"Costa Rica","CRI","Latin America & Caribbean","2009",0.54117,29382692643.1392,973.39432
"Costa Rica","CRI","Latin America & Caribbean","2010",0.48261,36298327669.8974,1199.8668
"Costa Rica","CRI","Latin America & Caribbean","2011",0.47641,41237296806.8532,1289.02754
"Croatia","HRV","Europe & Central Asia","1999",0.85166,23077661293.5987,1224.13263
"Croatia","HRV","Europe & Central Asia","2000",1.05654,21517784659.0304,1513.22812
"Croatia","HRV","Europe & Central Asia","2001",0.92589,23052044812.5113,1496.8104
"Croatia","HRV","Europe & Central Asia","2002",0.96075,26524896398.1862,1936.69458
"Croatia","HRV","Europe & Central Asia","2003",0.96492,34143409061.9803,1328.6122
"Croatia","HRV","Europe & Central Asia","2004",1.04515,41003558915.769,1622.83571
"Croatia","HRV","Europe & Central Asia","2005",0.86694,44821408830.902,1304.89556
"Croatia","HRV","Europe & Central Asia","2006",0.74872,49855078905.4812,1319.59957
"Croatia","HRV","Europe & Central Asia","2007",0.80221,59319390297.9268,1402.72998
"Croatia","HRV","Europe & Central Asia","2008",0.89513,69595512099.1407,1535.96479
"Croatia","HRV","Europe & Central Asia","2009",0.85014,62202619240.1446,1593.35897
"Croatia","HRV","Europe & Central Asia","2010",0.75443,58873994412,1637.61083
"Croatia","HRV","Europe & Central Asia","2011",0.75787,61520901516.3152,1583.5527
"Croatia","HRV","Europe & Central Asia","2012",0.75164,56155732956.8311,1552.66886
"Cyprus","CYP","Europe & Central Asia","1998",0.2181,9553478738.04769,259.90044
"Cyprus","CYP","Europe & Central Asia","1999",0.23416,9776223013.13328,300.3811
"Cyprus","CYP","Europe & Central Asia","2000",0.24324,9314937556.47906,321.21719
"Cyprus","CYP","Europe & Central Asia","2001",0.25453,9679304970.56184,346.3407
"Cyprus","CYP","Europe & Central Asia","2002",0.30253,10557366161.9634,443.93327
"Cyprus","CYP","Europe & Central Asia","2003",0.34769,13319544758.4518,490.91211
"Cyprus","CYP","Europe & Central Asia","2004",0.36755,15816972050.6976,573.92058
"Cyprus","CYP","Europe & Central Asia","2005",0.40437,16997801392.3755,660.47767
"Cyprus","CYP","Europe & Central Asia","2006",0.42502,18435765910.0111,713.52667
"Cyprus","CYP","Europe & Central Asia","2007",0.4412,21841815680.8803,751.57912
"Cyprus","CYP","Europe & Central Asia","2008",0.42439,25321517504.0281,748.31328
"Cyprus","CYP","Europe & Central Asia","2009",0.48972,23542650736.3156,800.5113
"Cyprus","CYP","Europe & Central Asia","2010",0.49355,23132450331.1258,819.98034
"Cyprus","CYP","Europe & Central Asia","2011",0.49716,24851264943.0081,819.51576
"Cyprus","CYP","Europe & Central Asia","2012",0.46726,22766912960,792.74115
"Czech Republic","CZE","Europe & Central Asia","1996",0.92328,64894609844.6009,1255.15319
"Czech Republic","CZE","Europe & Central Asia","1997",1.03333,59463982354.6268,1220.02927
"Czech Republic","CZE","Europe & Central Asia","1998",1.1091,63863336207.3861,1221.0488
"Czech Republic","CZE","Europe & Central Asia","1999",1.10035,62165739783.1888,1317.90394
"Czech Republic","CZE","Europe & Central Asia","2000",1.16699,58807244367.8667,1351.36216
"Czech Republic","CZE","Europe & Central Asia","2001",1.15729,64375288106.7769,1464.79941
"Czech Republic","CZE","Europe & Central Asia","2002",1.151,78425201660.6299,1466.01697
"Czech Republic","CZE","Europe & Central Asia","2003",1.1996,95292530752.5967,1549.31778
"Czech Republic","CZE","Europe & Central Asia","2004",1.19771,113976672924.834,1596.77609
"Czech Republic","CZE","Europe & Central Asia","2005",1.22417,130066444281.346,2362.41021
"Czech Republic","CZE","Europe & Central Asia","2006",1.29059,148374084905.974,2556.45258
"Czech Republic","CZE","Europe & Central Asia","2007",1.3654,180478622230.252,2696.69355
"Czech Republic","CZE","Europe & Central Asia","2008",1.29591,225426789026.652,2860.70776
"Czech Republic","CZE","Europe & Central Asia","2009",1.35342,197187168861.145,2742.52525
"Czech Republic","CZE","Europe & Central Asia","2010",1.3974,198493579254.644,2769.44363
"Czech Republic","CZE","Europe & Central Asia","2011",1.6413,216061200559.451,2891.47894
"Czech Republic","CZE","Europe & Central Asia","2012",1.88148,196446226535.564,3111.49449
"Denmark","DNK","Europe & Central Asia","1996",1.83798,184435821822.133,3178.10864
"Denmark","DNK","Europe & Central Asia","1997",1.92353,170435460670.755,3318.56206
"Denmark","DNK","Europe & Central Asia","1999",2.17682,173944697686.42,3561.4852
"Denmark","DNK","Europe & Central Asia","2001",2.38718,160476161868.602,3632.89412
"Denmark","DNK","Europe & Central Asia","2002",2.5082,173880831443.88,4758.22845
"Denmark","DNK","Europe & Central Asia","2003",2.57549,212621855882.933,4622.45393
"Denmark","DNK","Europe & Central Asia","2004",2.48487,244727978020.584,4847.02396
"Denmark","DNK","Europe & Central Asia","2005",2.45645,257675536234.494,5201.2942
"Denmark","DNK","Europe & Central Asia","2006",2.47752,274376966576.02,5301.72546
"Denmark","DNK","Europe & Central Asia","2007",2.58008,311417554326.17,5518.74688
"Denmark","DNK","Europe & Central Asia","2008",2.8499,343881327748.062,6495.81595
"Denmark","DNK","Europe & Central Asia","2009",3.16039,310544936763.956,6659.33318
"Denmark","DNK","Europe & Central Asia","2010",3.00138,312949418348.795,6743.89777
"Denmark","DNK","Europe & Central Asia","2011",2.97599,333743578564.372,6805.82727
"Denmark","DNK","Europe & Central Asia","2012",2.98416,315164386681.752,6730.38858
"East Asia & Pacific (all income levels)","EAS","","1996",2.27472763154362,7860382438432.36,895.515601091704
"East Asia & Pacific (all income levels)","EAS","","1997",2.34935510886693,7550591739736.91,879.755524652654
"East Asia & Pacific (all income levels)","EAS","","1998",2.31721366337328,6727003668359.78,868.599856470789
"East Asia & Pacific (all income levels)","EAS","","1999",2.39832263342364,7509827649091.57,858.35601756683
"East Asia & Pacific (all income levels)","EAS","","2000",2.32505251163529,8107654661960.77,936.823878570306
"East Asia & Pacific (all income levels)","EAS","","2001",2.37996197477257,7539351322654.07,912.857106164325
"East Asia & Pacific (all income levels)","EAS","","2002",2.33850506861365,7664969534230.79,1022.04370392174
"East Asia & Pacific (all income levels)","EAS","","2003",2.4316073559681,8427449099280.86,1066.8076479121
"East Asia & Pacific (all income levels)","EAS","","2004",2.41232428286896,9451363702419.8,1218.75371454306
"East Asia & Pacific (all income levels)","EAS","","2005",2.51407404900341,10059504231062.3,1248.68509425093
"East Asia & Pacific (all income levels)","EAS","","2006",2.50326248496511,10675406815195.7,1449.70304463114
"East Asia & Pacific (all income levels)","EAS","","2007",2.45752837699124,11955915246206.5,1446.32488506286
"East Asia & Pacific (all income levels)","EAS","","2008",2.49808493858104,13785973032988.8,1680.2452750863
"East Asia & Pacific (all income levels)","EAS","","2009",2.37656140478134,14162450369397.2,1174.46980544286
"East Asia & Pacific (all income levels)","EAS","","2010",2.50203307221627,16439876048216.6,1421.49298019908
"East Asia & Pacific (all income levels)","EAS","","2011",2.59437494281069,18991338880595.4,1503.52339776543
"Ecuador","ECU","Latin America & Caribbean","1996",0.07726,25225872274.1333,85.05556
"Ecuador","ECU","Latin America & Caribbean","1997",0.06608,28161471482.9701,78.98781
"Ecuador","ECU","Latin America & Caribbean","1998",0.06956,27981319125.1358,84.20211
"Ecuador","ECU","Latin America & Caribbean","2001",0.0515,24468324000,40.21636
"Ecuador","ECU","Latin America & Caribbean","2002",0.05534,28548945000,42.21015
"Ecuador","ECU","Latin America & Caribbean","2003",0.05735,32432859000,48.56999
"Ecuador","ECU","Latin America & Caribbean","2006",0.12863,46802044000,70.23923
"Ecuador","ECU","Latin America & Caribbean","2007",0.13194,51007777000,64.7585
"Ecuador","ECU","Latin America & Caribbean","2008",0.22779,61762635000,102.7721
"Egypt, Arab Rep.","EGY","Middle East & North Africa","2007",0.2551,130477817194.412,665.00446
"Egypt, Arab Rep.","EGY","Middle East & North Africa","2008",0.27024,162818181818.182,462.68129
"Egypt, Arab Rep.","EGY","Middle East & North Africa","2009",0.23911,188984088127.295,457.93539
"Egypt, Arab Rep.","EGY","Middle East & North Africa","2010",0.39781,218887812549.851,455.74997
"Egypt, Arab Rep.","EGY","Middle East & North Africa","2011",0.42863,236000735704.439,523.58117
"Estonia","EST","Europe & Central Asia","1998",0.57266,5598277904.10502,2149.35646
"Estonia","EST","Europe & Central Asia","1999",0.6832,5705363339.01192,2182.09202
"Estonia","EST","Europe & Central Asia","2000",0.60115,5675697574.86409,1951.5166
"Estonia","EST","Europe & Central Asia","2001",0.70001,6240147810.40193,1976.33849
"Estonia","EST","Europe & Central Asia","2002",0.71627,7324390332.48564,2269.83677
"Estonia","EST","Europe & Central Asia","2003",0.76689,9845187817.29901,2252.41199
"Estonia","EST","Europe & Central Asia","2004",0.85389,12031396467.0807,2529.416
"Estonia","EST","Europe & Central Asia","2005",0.93029,13905561150.0771,2513.74978
"Estonia","EST","Europe & Central Asia","2006",1.12758,16798498859.9882,2663.59743
"Estonia","EST","Europe & Central Asia","2007",1.08061,21993674014.8158,2810.06261
"Estonia","EST","Europe & Central Asia","2008",1.28142,23781549758.1768,3042.45133
"Estonia","EST","Europe & Central Asia","2009",1.41301,19406617021.7372,3310.91012
"Estonia","EST","Europe & Central Asia","2010",1.61964,19033475893.2253,3139.69687
"Estonia","EST","Europe & Central Asia","2011",2.37073,22542967739.0121,3484.74853
"Estonia","EST","Europe & Central Asia","2012",2.18191,22376042497.826,3540.50038
"Ethiopia","ETH","Sub-Saharan Africa","2005",0.18235,12173919387.078,21.11144
"Ethiopia","ETH","Sub-Saharan Africa","2007",0.17393,19346646116.7261,20.0769
"Ethiopia","ETH","Sub-Saharan Africa","2010",0.24566,29385611867.3868,42.49369
"Euro area","EMU","","1996",1.79063259421912,7380815072010.46,2123.37841837952
"Euro area","EMU","","1997",1.76627370650332,6738257426400.84,2136.35403996416
"Euro area","EMU","","1998",1.79776459537822,6915877943316.85,2229.27318257198
"Euro area","EMU","","1999",1.82421513873357,6878139269859.64,2288.77557415535
"Euro area","EMU","","2000",1.86698934448346,6263504045153.41,2444.73944006538
"Euro area","EMU","","2001",1.8595587535155,6355723264793.14,2469.95476418353
"Euro area","EMU","","2002",1.90121325213092,6916602598342.52,2570.30225000452
"Euro area","EMU","","2003",1.86672339764295,8539694978967.38,2578.19356576027
"Euro area","EMU","","2004",1.84586472435855,9785092324048.28,2715.03763425779
"Euro area","EMU","","2005",1.84075763466979,10158582555751.4,2745.31763293201
"Euro area","EMU","","2006",1.8649465541486,10776670077248.8,2863.29549945826
"Euro area","EMU","","2007",1.87331841516765,12397765764458.8,2974.15783619981
"Euro area","EMU","","2008",1.99467402122043,13576690651328,3152.11986656917
"Euro area","EMU","","2009",2.09781730882134,12419308269030.7,3240.07026326747
"Euro area","EMU","","2010",2.10420174769119,12165368542056.4,3348.91433391461
"Euro area","EMU","","2011",2.11327645893676,13128603788797.1,3384.49131216118
"Euro area","EMU","","2012",2.13986439931992,12212839097467.1,3283.87460378014
"Europe & Central Asia (all income levels)","ECS","","1996",1.72317772243038,10638347968647,2277.53795440685
"Europe & Central Asia (all income levels)","ECS","","1997",1.70478810203458,10084782173820.1,2259.4738758913
"Europe & Central Asia (all income levels)","ECS","","1998",1.67429958491835,10331165139866.7,2207.11443212336
"Europe & Central Asia (all income levels)","ECS","","1999",1.7697406505789,10216289658128.6,2302.8749317209
"Europe & Central Asia (all income levels)","ECS","","2000",1.74995873414114,9611036610981.43,2352.08980954601
"Europe & Central Asia (all income levels)","ECS","","2001",1.79487763681031,9714352200753.15,2428.77219463683
"Europe & Central Asia (all income levels)","ECS","","2002",1.76587746486756,10634019082419.2,2441.19071148096
"Europe & Central Asia (all income levels)","ECS","","2003",1.7895812754312,12969377805254.5,2507.95534264041
"Europe & Central Asia (all income levels)","ECS","","2004",1.76602178871381,15123602090475.9,2588.96211276396
"Europe & Central Asia (all income levels)","ECS","","2005",1.71708290402611,16109228964227.7,2639.06185980945
"Europe & Central Asia (all income levels)","ECS","","2006",1.72425232467814,17438799816810.6,2627.98964085385
"Europe & Central Asia (all income levels)","ECS","","2007",1.72433157082246,20394802912428,2665.58869567591
"Europe & Central Asia (all income levels)","ECS","","2008",1.80803301906494,22403405722735,2741.52561048153
"Europe & Central Asia (all income levels)","ECS","","2009",1.90720094367007,19675744670022,2774.65472978314
"Europe & Central Asia (all income levels)","ECS","","2010",1.86542873393983,20181377098423.4,2839.97846301658
"Europe & Central Asia (all income levels)","ECS","","2011",1.86454871573709,22235233382522.7,2740.17068346256
"European Union","EUU","","1996",1.75423570332931,9427039966962.97,2024.31008912488
"European Union","EUU","","1997",1.77507730541989,8888110740205.84,2078.34069071198
"European Union","EUU","","1998",1.74828758316149,9198266694318.84,2103.36738029108
"European Union","EUU","","1999",1.83408382569866,9190163192499.32,2218.97267341349
"European Union","EUU","","2000",1.80275694346774,8524104688070.14,2261.20632794526
"European Union","EUU","","2001",1.86266214633004,8625889353612.96,2379.65608142692
"European Union","EUU","","2002",1.83289283929222,9407995634440.73,2444.26704158919
"European Union","EUU","","2003",1.85886883107871,11470689569406.1,2545.18886616534
"European Union","EUU","","2004",1.82244321911831,13246035395730,2673.32605402705
"European Union","EUU","","2005",1.81507883645018,13851347521962.3,2771.72051869739
"European Union","EUU","","2006",1.83758173658953,14771558877048.5,2857.92189746514
"European Union","EUU","","2007",1.83984650324354,17081835030531.5,2920.48222703646
"European Union","EUU","","2008",1.93509016911448,18376630645894.5,3063.12061228602
"European Union","EUU","","2009",2.03554052079793,16410336268090.3,3124.81914033644
"European Union","EUU","","2010",2.0261897622448,16340398100032.7,3210.80046874655
"European Union","EUU","","2011",2.04091026590413,17670659850583.2,3223.81627866284
"European Union","EUU","","2012",2.0586257664503,16644171474427.9,3155.6559540713
"Faeroe Islands","FRO","Europe & Central Asia","2003",0.86117,1486861878.95624,1780.24344
"Finland","FIN","Europe & Central Asia","1997",2.70524,122987057610.812,5151.57793
"Finland","FIN","Europe & Central Asia","1998",2.87617,129763017356.475,5905.22952
"Finland","FIN","Europe & Central Asia","1999",3.171,130322821223.098,6326.69736
"Finland","FIN","Europe & Central Asia","2000",3.34552,121793808734.107,6731.79198
"Finland","FIN","Europe & Central Asia","2001",3.31616,124642505592.841,7109.99493
"Finland","FIN","Europe & Central Asia","2002",3.36269,135183512140.034,7428.47616
"Finland","FIN","Europe & Central Asia","2003",3.43914,164256207674.944,8003.50954
"Finland","FIN","Europe & Central Asia","2004",3.45016,189064585622.668,7842.55232
"Finland","FIN","Europe & Central Asia","2005",3.47693,195777993334.328,7544.64803
"Finland","FIN","Europe & Central Asia","2006",3.47552,207949452679.315,7671.28205
"Finland","FIN","Europe & Central Asia","2007",3.47143,246127525619.75,7369.16036
"Finland","FIN","Europe & Central Asia","2008",3.7007,271974334105.311,7686.4737
"Finland","FIN","Europe & Central Asia","2009",3.93834,239382634648.905,7643.95547
"Finland","FIN","Europe & Central Asia","2010",3.9006,236706436522.744,7717.47565
"Finland","FIN","Europe & Central Asia","2011",3.79677,262379400237.966,7422.89599
"Finland","FIN","Europe & Central Asia","2012",3.54823,247143237013.414,7482.34342
"France","FRA","Europe & Central Asia","1996",2.2693,1572774971150.15,2659.51631
"France","FRA","Europe & Central Asia","1997",2.19441,1421491571139.58,2648.8675
"France","FRA","Europe & Central Asia","1998",2.14358,1468872025794.97,2655.8462
"France","FRA","Europe & Central Asia","1999",2.16008,1456429469422.54,2723.91368
"France","FRA","Europe & Central Asia","2000",2.15015,1326334438916.53,2905.945
"France","FRA","Europe & Central Asia","2001",2.19901,1338302997762.86,2976.00462
"France","FRA","Europe & Central Asia","2002",2.23777,1452031150009.41,3104.52967
"France","FRA","Europe & Central Asia","2003",2.17703,1792215124153.5,3185.15491
"France","FRA","Europe & Central Asia","2004",2.15591,2055678605352.85,3317.52104
"France","FRA","Europe & Central Asia","2005",2.10865,2136555737949.56,3295.74225
"France","FRA","Europe & Central Asia","2006",2.10801,2255706212515.77,3405.13018
"France","FRA","Europe & Central Asia","2007",2.08306,2582391514259.81,3566.11337
"France","FRA","Europe & Central Asia","2008",2.12427,2831795243284.95,3639.79242
"France","FRA","Europe & Central Asia","2009",2.27149,2619685205628.1,3726.70247
"France","FRA","Europe & Central Asia","2010",2.24446,2565039332950.97,3851.49288
"France","FRA","Europe & Central Asia","2011",2.24979,2782210861682.84,3917.55326
"Gambia, The","GMB","Sub-Saharan Africa","2008",0.02039,965771303.038565,98.2266
"Gambia, The","GMB","Sub-Saharan Africa","2009",0.01748,900629372.999551,109.92844
"Gambia, The","GMB","Sub-Saharan Africa","2011",0.13309,898282865.871322,33.77588
"Germany","DEU","Europe & Central Asia","1996",2.19565,2436963867949.05,2760.42635
"Germany","DEU","Europe & Central Asia","1997",2.24087,2157229866907.29,2824.18291
"Germany","DEU","Europe & Central Asia","1998",2.27838,2178170501278.2,2846.82589
"Germany","DEU","Europe & Central Asia","1999",2.4093,2131046239079.48,3050.52476
"Germany","DEU","Europe & Central Asia","2000",2.47223,1886401326699.83,3087.85064
"Germany","DEU","Europe & Central Asia","2001",2.47405,1880894854586.13,3163.12578
"Germany","DEU","Europe & Central Asia","2002",2.50276,2006587615283.27,3176.33377
"Germany","DEU","Europe & Central Asia","2003",2.53963,2423814898419.86,3209.77299
"Germany","DEU","Europe & Central Asia","2004",2.50339,2726341472500.05,3222.64431
"Germany","DEU","Europe & Central Asia","2005",2.5058,2766253792966.22,3246.1958
"Germany","DEU","Europe & Central Asia","2006",2.54026,2902749305068.43,3341.54515
"Germany","DEU","Europe & Central Asia","2007",2.53169,3323809686746.16,3479.9856
"Germany","DEU","Europe & Central Asia","2008",2.68945,3623687767058.32,3627.5977
"Germany","DEU","Europe & Central Asia","2009",2.82263,3298217546532.75,3813.59908
"Germany","DEU","Europe & Central Asia","2010",2.80352,3304439018398.46,3950.41394
"Germany","DEU","Europe & Central Asia","2011",2.89286,3628110015052.5,4084.88524
"Germany","DEU","Europe & Central Asia","2012",2.9191,3425956470873.76,4138.88284
"Ghana","GHA","Sub-Saharan Africa","2007",0.23157,24757608488.0145,17.41569
"Ghana","GHA","Sub-Saharan Africa","2010",0.37655,32174210792.9631,38.767
"Greece","GRC","Europe & Central Asia","1997",0.4562,134653112729.463,1012.07056
"Greece","GRC","Europe & Central Asia","1999",0.60814,133187471451.364,1347.09552
"Greece","GRC","Europe & Central Asia","2001",0.58684,129841808534.627,1304.9487
"Greece","GRC","Europe & Central Asia","2003",0.57225,192850270290.227,1416.93668
"Greece","GRC","Europe & Central Asia","2005",0.59753,240075690352.186,1774.44442
"Greece","GRC","Europe & Central Asia","2006",0.58604,261712613837.162,1801.11964
"Greece","GRC","Europe & Central Asia","2007",0.60118,305431981540.778,1898.81813
"Greece","GRC","Europe & Central Asia","2011",0.66712,289886951188.239,2219.20005
"Greece","GRC","Europe & Central Asia","2012",0.69038,248424267493.672,2168.34002
"Greenland","GRL","Europe & Central Asia","2001",0.52741,1086170638.72901,536.05978
"Greenland","GRL","Europe & Central Asia","2002",0.55628,1169136691.35372,539.49835
"Greenland","GRL","Europe & Central Asia","2003",0.55517,1426452030.10471,646.90122
"Greenland","GRL","Europe & Central Asia","2004",0.71581,1644951892.18151,701.46446
"Guatemala","GTM","Latin America & Caribbean","2005",0.035,27211230373.8306,30.60198
"Guatemala","GTM","Latin America & Caribbean","2006",0.0493,30231130542.9832,25.0089
"Guatemala","GTM","Latin America & Caribbean","2007",0.06674,34113106486.1272,35.06551
"Guatemala","GTM","Latin America & Caribbean","2008",0.06188,39136441798.9418,39.56535
"Guatemala","GTM","Latin America & Caribbean","2009",0.0553,37733606155.6558,39.60258
"Guatemala","GTM","Latin America & Caribbean","2010",0.0435,41338007892.9733,25.31103
"Guatemala","GTM","Latin America & Caribbean","2011",0.0481,47654789734.6315,25.15881
"High income","HIC","","1996",2.19580093401054,25864919675788.3,2995.50336667157
"High income","HIC","","1997",2.22058135589911,25497653324253.3,3000.83824137406
"High income","HIC","","1998",2.22899841796909,25413412250421.1,3036.14298446517
"High income","HIC","","1999",2.30339568512871,26632773671016.2,3099.36365751227
"High income","HIC","","2000",2.36456773638285,27241886303771.6,3170.71510949405
"High income","HIC","","2001",2.39672078005316,27029523788106.7,3259.86803037497
"High income","HIC","","2002",2.33519848431427,28188275363691.7,3279.04068688332
"High income","HIC","","2003",2.30869848235218,31630246149617.6,3420.2711589282
"High income","HIC","","2004",2.25579247191077,35296495280577.9,3463.72558522702
"High income","HIC","","2005",2.26603421273264,37449657438834.2,3517.11440737555
"High income","HIC","","2006",2.28562115951584,39726641690470.7,3609.54494959864
"High income","HIC","","2007",2.28663031929529,43630389331254.4,3602.95162081165
"High income","HIC","","2008",2.37149631373872,46606510536804,3681.88879461746
"High income","HIC","","2009",2.45516778874475,43359214517330.1,3720.82415649445
"High income","HIC","","2010",2.43817495667014,45739914992567.2,3732.56712172589
"High income","HIC","","2011",2.45466148975395,49615269792138.9,3863.90153140043
"High income: OECD","OEC","","1996",2.22283019848583,24454798006735.9,2874.51986091262
"High income: OECD","OEC","","1997",2.25112262344495,24018701918825,2918.61478617809
"High income: OECD","OEC","","1998",2.26597395776507,24133079723330.3,3027.95013352355
"High income: OECD","OEC","","1999",2.33660036988518,25369174094171.8,3104.30365008791
"High income: OECD","OEC","","2000",2.40269263422722,25799913538481.5,3171.37857500741
"High income: OECD","OEC","","2001",2.43400100143727,25581239581244.6,3265.87330281598
"High income: OECD","OEC","","2002",2.37234282841136,26669266746745.5,3310.97971806886
"High income: OECD","OEC","","2003",2.3606943952804,29929093933570.7,3468.88287158267
"High income: OECD","OEC","","2004",2.31180107769127,33251177148920.2,3522.40939230689
"High income: OECD","OEC","","2005",2.33532548132171,35003652665298.3,3592.04677409302
"High income: OECD","OEC","","2006",2.36537788586182,36840859909907,3695.44509567711
"High income: OECD","OEC","","2007",2.3743071179813,40195214145899.4,3678.28055549451
"High income: OECD","OEC","","2008",2.47975048227254,42470058102487.8,3798.29951870546
"High income: OECD","OEC","","2009",2.55415944537448,39964249191724.9,3863.83691365211
"High income: OECD","OEC","","2010",2.51730551165367,41729200164269.7,3863.51957060373
"High income: OECD","OEC","","2011",2.55867566277236,44774679792464.3,4014.20048972009
"High income: nonOECD","NOC","","2005",0.824040861490107,2448438006016.86,3091.00273205831
"High income: nonOECD","NOC","","2006",0.833777841618674,2891688047674,3108.24161413443
"High income: nonOECD","NOC","","2007",0.893529389976404,3444698628161.17,3160.58039058848
"High income: nonOECD","NOC","","2008",0.860703994906492,4154131986975.19,2999.34802428664
"High income: nonOECD","NOC","","2009",0.938020801179851,3403493353053.35,2917.09944264476
"Hong Kong SAR, China","HKG","East Asia & Pacific","1998",0.4283,168886163221.567,1034.48009
"Hong Kong SAR, China","HKG","East Asia & Pacific","1999",0.45767,165768095391.557,1176.65809
"Hong Kong SAR, China","HKG","East Asia & Pacific","2000",0.46493,171668164082.555,1130.60127
"Hong Kong SAR, China","HKG","East Asia & Pacific","2001",0.53645,169403241524.337,1327.33631
"Hong Kong SAR, China","HKG","East Asia & Pacific","2002",0.58147,166349228737.386,1539.18958
"Hong Kong SAR, China","HKG","East Asia & Pacific","2003",0.68027,161384522525.299,1954.20893
"Hong Kong SAR, China","HKG","East Asia & Pacific","2004",0.72176,169099768875.193,2116.13881
"Hong Kong SAR, China","HKG","East Asia & Pacific","2005",0.77343,181570082162.19,2613.42912
"Hong Kong SAR, China","HKG","East Asia & Pacific","2006",0.79468,193536265094.364,2651.8409
"Hong Kong SAR, China","HKG","East Asia & Pacific","2007",0.75161,211597405593.868,2819.56893
"Hong Kong SAR, China","HKG","East Asia & Pacific","2008",0.71996,219279678430.164,2647.86952
"Hong Kong SAR, China","HKG","East Asia & Pacific","2009",0.77342,214046415026.187,2751.98982
"Hong Kong SAR, China","HKG","East Asia & Pacific","2010",0.74927,228637697575.04,2925.30804
"Hungary","HUN","Europe & Central Asia","1996",0.64026,45930691793.6847,1007.07546
"Hungary","HUN","Europe & Central Asia","1997",0.71042,46533207225.6153,1081.73353
"Hungary","HUN","Europe & Central Asia","1998",0.66745,47951604853.8179,1140.82193
"Hungary","HUN","Europe & Central Asia","1999",0.68325,48255011859.791,1226.84727
"Hungary","HUN","Europe & Central Asia","2000",0.80516,46385589533.8363,1409.02199
"Hungary","HUN","Europe & Central Asia","2001",0.93092,52720966883.3719,1438.38888
"Hungary","HUN","Europe & Central Asia","2002",1.00161,66389489264.3391,1471.68865
"Hungary","HUN","Europe & Central Asia","2003",0.93805,83538373060.6906,1496.71034
"Hungary","HUN","Europe & Central Asia","2004",0.87842,101925734602.027,1473.03702
"Hungary","HUN","Europe & Central Asia","2005",0.9436,110321711572.908,1572.70767
"Hungary","HUN","Europe & Central Asia","2006",1.00505,112533152716.384,1741.28911
"Hungary","HUN","Europe & Central Asia","2007",0.98309,136102020866.708,1728.59258
"Hungary","HUN","Europe & Central Asia","2008",1.00351,154233541852.268,1841.9165
"Hungary","HUN","Europe & Central Asia","2009",1.16755,126631684032.783,2000.18024
"Hungary","HUN","Europe & Central Asia","2010",1.17003,127503279792.248,2131.08159
"Hungary","HUN","Europe & Central Asia","2011",1.21777,137448696906.396,2302.76883
"Hungary","HUN","Europe & Central Asia","2012",1.29664,124600486886.062,2389.38794
"Iceland","ISL","Europe & Central Asia","1997",1.83361,7422994705.8641,4915.35862
"Iceland","ISL","Europe & Central Asia","1998",2.00087,8291725774.2646,5132.27225
"Iceland","ISL","Europe & Central Asia","1999",2.29628,8742600398.27028,5666.79599
"Iceland","ISL","Europe & Central Asia","2001",2.95168,7922983042.66068,6545.89236
"Iceland","ISL","Europe & Central Asia","2003",2.81881,10969898924.0637,6612.05484
"Iceland","ISL","Europe & Central Asia","2005",2.77293,16286331747.0428,7261.79043
"Iceland","ISL","Europe & Central Asia","2006",2.99208,16651492783.5423,7980.76443
"Iceland","ISL","Europe & Central Asia","2007",2.68474,20428232684.2713,7241.34878
"Iceland","ISL","Europe & Central Asia","2008",2.64604,16832076486.7426,7458.67729
"Iceland","ISL","Europe & Central Asia","2009",2.81985,12115441517.297,7983.0085
"Iceland","ISL","Europe & Central Asia","2011",2.60487,14042801904.2734,7012.22163
"India","IND","South Asia","1996",0.62804,399786888515.031,153.44641
"India","IND","South Asia","1998",0.69166,428741030147.281,116.62456
"India","IND","South Asia","2000",0.74395,476609148165.643,111.23501
"India","IND","South Asia","2005",0.81044,834215013605.008,137.36227
"India","IND","South Asia","2010",0.79718,1708458876830.18,159.93286
"Indonesia","IDN","East Asia & Pacific","2000",0.06769,165021012261.509,215.2976
"Indonesia","IDN","East Asia & Pacific","2001",0.04756,160446947638.313,201.54704
"Indonesia","IDN","East Asia & Pacific","2009",0.08332,539579955780.062,89.89549
"Iran, Islamic Rep.","IRN","Middle East & North Africa","2006",0.66814,222880533511.287,712.15036
"Iran, Islamic Rep.","IRN","Middle East & North Africa","2008",0.7488,355988367221.614,746.86674
"Iraq","IRQ","Middle East & North Africa","2007",0.04554,88837727881.3965,366.62384
"Iraq","IRQ","Middle East & North Africa","2008",0.03435,131611819294.275,377.5761
"Iraq","IRQ","Middle East & North Africa","2009",0.04562,111659988888.889,399.42713
"Iraq","IRQ","Middle East & North Africa","2010",0.03574,142814704615.385,414.98748
"Iraq","IRQ","Middle East & North Africa","2011",0.03378,191176927521.368,425.88792
"Ireland","IRL","Europe & Central Asia","1996",1.29594,74364964644.6573,1764.59999
"Ireland","IRL","Europe & Central Asia","1997",1.26694,81271998815.6638,1920.39128
"Ireland","IRL","Europe & Central Asia","1998",1.23574,88175477593.361,2082.64088
"Ireland","IRL","Europe & Central Asia","1999",1.17854,96584809810.3559,2100.04108
"Ireland","IRL","Europe & Central Asia","2000",1.11308,97331522065.5979,2238.84854
"Ireland","IRL","Europe & Central Asia","2001",1.0928,105166579627.74,2314.89206
"Ireland","IRL","Europe & Central Asia","2002",1.0984,123016253872.577,2382.18948
"Ireland","IRL","Europe & Central Asia","2003",1.16386,158730360073.363,2503.08429
"Ireland","IRL","Europe & Central Asia","2004",1.22673,186281307557.443,2694.70531
"Ireland","IRL","Europe & Central Asia","2005",1.24619,202577741641.795,2786.67495
"Ireland","IRL","Europe & Central Asia","2006",1.24844,222762958291.143,2880.19415
"Ireland","IRL","Europe & Central Asia","2007",1.28233,259574331428.376,2958.76717
"Ireland","IRL","Europe & Central Asia","2008",1.44557,264034203718.534,3332.52368
"Ireland","IRL","Europe & Central Asia","2009",1.68566,225442852955.303,3217.15246
"Ireland","IRL","Europe & Central Asia","2010",1.68853,209387190854.47,3173.09601
"Ireland","IRL","Europe & Central Asia","2011",1.65775,226035376257.007,3354.52649
"Ireland","IRL","Europe & Central Asia","2012",1.72382,210638080064.386,3513.19634
"Israel","ISR","Middle East & North Africa","2011",3.97351,258216783342.65,6602.33904
"Italy","ITA","Europe & Central Asia","1996",0.98032,1266354134493.66,1342.54676
"Italy","ITA","Europe & Central Asia","1997",1.02331,1198654411765.58,1154.81311
"Italy","ITA","Europe & Central Asia","1998",1.04218,1224579873011.04,1149.5805
"Italy","ITA","Europe & Central Asia","1999",1.01624,1208180354708.08,1144.62578
"Italy","ITA","Europe & Central Asia","2000",1.03984,1104009462562.19,1160.10777
"Italy","ITA","Europe & Central Asia","2001",1.08081,1123702691037.14,1166.11413
"Italy","ITA","Europe & Central Asia","2002",1.12142,1225176959595.33,1238.96006
"Italy","ITA","Europe & Central Asia","2003",1.10064,1514503536381.49,1215.39149
"Italy","ITA","Europe & Central Asia","2004",1.09127,1735521503771.58,1235.89709
"Italy","ITA","Europe & Central Asia","2005",1.08598,1786275014006.62,1405.93646
"Italy","ITA","Europe & Central Asia","2006",1.12732,1872983094034.62,1496.82106
"Italy","ITA","Europe & Central Asia","2007",1.17304,2127181952204.75,1563.40776
"Italy","ITA","Europe & Central Asia","2008",1.20578,2307312469009.18,1599.46868
"Italy","ITA","Europe & Central Asia","2009",1.264,2111146953536.67,1691.12702
"Italy","ITA","Europe & Central Asia","2010",1.26458,2055355252804.73,1709.23892
"Italy","ITA","Europe & Central Asia","2011",1.25351,2196336800619.84,1747.94164
"Italy","ITA","Europe & Central Asia","2012",1.26572,2013265404945.58,1820.22076
"Japan","JPN","East Asia & Pacific","1996",2.76501,4706187126019.61,4947.03686
"Japan","JPN","East Asia & Pacific","1997",2.82761,4324278106865.89,5001.5869
"Japan","JPN","East Asia & Pacific","1998",2.9602,3914574887342.22,5211.634
"Japan","JPN","East Asia & Pacific","1999",2.97734,4432599282922.53,5251.05562
"Japan","JPN","East Asia & Pacific","2000",3.00169,4731198760271.14,5151.125
"Japan","JPN","East Asia & Pacific","2001",3.07448,4159859918093.56,5183.7789
"Japan","JPN","East Asia & Pacific","2002",3.11562,3980819536159.76,4934.96626
"Japan","JPN","East Asia & Pacific","2003",3.14388,4302939184963.79,5156.10539
"Japan","JPN","East Asia & Pacific","2004",3.1332,4655803055650.55,5156.83561
"Japan","JPN","East Asia & Pacific","2005",3.3087,4571866957195.37,5360.19593
"Japan","JPN","East Asia & Pacific","2006",3.4091,4356749775546.81,5387.01778
"Japan","JPN","East Asia & Pacific","2007",3.46142,4356346715298.37,5377.73798
"Japan","JPN","East Asia & Pacific","2008",3.46706,4849184924937.25,5157.70436
"Japan","JPN","East Asia & Pacific","2009",3.35734,5035142154900.72,5147.35153
"Japan","JPN","East Asia & Pacific","2010",3.25394,5495387182996.1,5151.29491
"Japan","JPN","East Asia & Pacific","2011",3.38807,5905630870455.11,5157.51724
"Kazakhstan","KAZ","Europe & Central Asia","2011",0.15723,188048960311.225,651.82018
"Kenya","KEN","Sub-Saharan Africa","2007",0.41679,27236739895.9373,55.76878
"Kenya","KEN","Sub-Saharan Africa","2010",0.97617,32440133261.1958,227.45498
"Korea, Rep.","KOR","East Asia & Pacific","1996",2.42491,603413139412.021,2212.52437
"Korea, Rep.","KOR","East Asia & Pacific","1997",2.48115,560485235837.652,2270.20715
"Korea, Rep.","KOR","East Asia & Pacific","1998",2.34178,376481975682.155,2034.3541
"Korea, Rep.","KOR","East Asia & Pacific","1999",2.25151,486315001429.989,2190.76067
"Korea, Rep.","KOR","East Asia & Pacific","2000",2.2957,561633037419.537,2357.03732
"Korea, Rep.","KOR","East Asia & Pacific","2001",2.47316,533051998853.593,2951.46885
"Korea, Rep.","KOR","East Asia & Pacific","2002",2.40446,609020054512.465,3058.95205
"Korea, Rep.","KOR","East Asia & Pacific","2003",2.48577,680520807982.478,3246.36789
"Korea, Rep.","KOR","East Asia & Pacific","2004",2.68298,764880644710.649,3337.93413
"Korea, Rep.","KOR","East Asia & Pacific","2005",2.79176,898134300667.891,3823.1054
"Korea, Rep.","KOR","East Asia & Pacific","2006",3.00918,1011797986991.9,4228.87957
"Korea, Rep.","KOR","East Asia & Pacific","2007",3.21035,1122675892645.76,4665.04458
"Korea, Rep.","KOR","East Asia & Pacific","2008",3.3609,1002216051903.27,4933.0872
"Korea, Rep.","KOR","East Asia & Pacific","2009",3.56124,901934953364.711,5067.51639
"Korea, Rep.","KOR","East Asia & Pacific","2010",3.73781,1094499350178.46,5450.90841
"Korea, Rep.","KOR","East Asia & Pacific","2011",4.03919,1202463655509.6,5928.28462
"Kuwait","KWT","Middle East & North Africa","1997",0.20539,30350433059.9669,203.54536
"Kuwait","KWT","Middle East & North Africa","1998",0.25795,25946185993.5521,191.61449
"Kuwait","KWT","Middle East & North Africa","1999",0.19764,30120888963.6806,179.27799
"Kuwait","KWT","Middle East & North Africa","2000",0.12543,37718011468.5749,169.96891
"Kuwait","KWT","Middle East & North Africa","2001",0.17882,34890773740.2178,169.64522
"Kuwait","KWT","Middle East & North Africa","2002",0.18001,38138801497.2459,168.92618
"Kuwait","KWT","Middle East & North Africa","2003",0.14347,47875837662.1539,169.15893
"Kuwait","KWT","Middle East & North Africa","2004",0.1301,59440511981.7576,169.81824
"Kuwait","KWT","Middle East & North Africa","2005",0.10083,80797945205.4795,167.22452
"Kuwait","KWT","Middle East & North Africa","2006",0.08478,101561153806.389,162.15467
"Kuwait","KWT","Middle East & North Africa","2007",0.08585,114721830985.916,184.7416
"Kuwait","KWT","Middle East & North Africa","2008",0.0855,147402413798.235,149.13658
"Kuwait","KWT","Middle East & North Africa","2009",0.1122,105911338608.398,141.04758
"Kuwait","KWT","Middle East & North Africa","2010",0.09759,119934674734.616,136.04851
"Kuwait","KWT","Middle East & North Africa","2011",0.09494,160600006232.25,131.53242
"Lao PDR","LAO","East Asia & Pacific","2002",0.0371,1758176653.07746,15.68912
"Latin America & Caribbean (all income levels)","LCN","","2000",0.555826653818667,2312124021491.29,329.152064717841
"Latin America & Caribbean (all income levels)","LCN","","2001",0.538169599959867,2255879804536.22,326.744336367503
"Latin America & Caribbean (all income levels)","LCN","","2002",0.528152938259572,1997943231030.48,353.723840505874
"Latin America & Caribbean (all income levels)","LCN","","2003",0.542590347034508,2058521852185.02,382.103400376607
"Latin America & Caribbean (all income levels)","LCN","","2004",0.547851511264333,2362209392900.85,435.090237132911
"Latin America & Caribbean (all income levels)","LCN","","2005",0.60993357794391,2857811085312.46,457.002729438126
"Latin America & Caribbean (all income levels)","LCN","","2006",0.618717110882125,3350022987997.25,446.852109055973
"Latin America & Caribbean (all income levels)","LCN","","2007",0.650941603316309,3945448023085.81,460.307066707118
"Latin America & Caribbean (all income levels)","LCN","","2008",0.690242459875952,4576315604913.79,464.503138616508
"Latin America & Caribbean (all income levels)","LCN","","2009",0.752910507805327,4298539979699.89,508.406332000236
"Latin America & Caribbean (all income levels)","LCN","","2010",0.78777384579453,5303215182578.98,538.132065619163
"Latvia","LVA","Europe & Central Asia","1996",0.42456,5585292782.56922,1154.86077
"Latvia","LVA","Europe & Central Asia","1997",0.38985,6133234179.75373,1072.03236
"Latvia","LVA","Europe & Central Asia","1998",0.41072,6616957681.24198,1058.95264
"Latvia","LVA","Europe & Central Asia","1999",0.36366,7288524472.50101,1096.67027
"Latvia","LVA","Europe & Central Asia","2000",0.44182,7833068425.39159,1608.2777
"Latvia","LVA","Europe & Central Asia","2001",0.40499,8313047743.57121,1491.06152
"Latvia","LVA","Europe & Central Asia","2002",0.41905,9314784080.02692,1489.25822
"Latvia","LVA","Europe & Central Asia","2003",0.37808,11186452600.7262,1400.04721
"Latvia","LVA","Europe & Central Asia","2004",0.41792,13761569544.9926,1472.32938
"Latvia","LVA","Europe & Central Asia","2005",0.55865,16041840426.2666,1473.36165
"Latvia","LVA","Europe & Central Asia","2006",0.69999,19935046397.2163,1790.78612
"Latvia","LVA","Europe & Central Asia","2007",0.59493,28765687041.6504,1918.18129
"Latvia","LVA","Europe & Central Asia","2008",0.61464,33669367720.4659,2043.7197
"Latvia","LVA","Europe & Central Asia","2009",0.45785,25875781250,1714.21511
"Latvia","LVA","Europe & Central Asia","2010",0.60459,24009680459.9868,1863.65204
"Latvia","LVA","Europe & Central Asia","2011",0.69631,28480338367.6157,1903.65031
"Latvia","LVA","Europe & Central Asia","2012",0.65851,28372577696.5265,1894.75196
"Lesotho","LSO","Sub-Saharan Africa","2002",0.04943,656802669.110291,6.3644
"Lesotho","LSO","Sub-Saharan Africa","2003",0.05131,969181550.992505,7.89991
"Lesotho","LSO","Sub-Saharan Africa","2004",0.06773,1234197704.43821,10.46013
"Lesotho","LSO","Sub-Saharan Africa","2009",0.02951,1708772781.6479,23.01654
"Lesotho","LSO","Sub-Saharan Africa","2011",0.01283,2487352967.54638,5.86347
"Lithuania","LTU","Europe & Central Asia","1996",0.48914,8426600000,2088.73404
"Lithuania","LTU","Europe & Central Asia","1997",0.53615,10128700000,2176.78144
"Lithuania","LTU","Europe & Central Asia","1998",0.54312,11254050000,2370.44397
"Lithuania","LTU","Europe & Central Asia","1999",0.50208,10971375000,2418.34167
"Lithuania","LTU","Europe & Central Asia","2000",0.59018,11434200000,2222.98701
"Lithuania","LTU","Europe & Central Asia","2001",0.67192,12159225000,2332.72552
"Lithuania","LTU","Europe & Central Asia","2002",0.66199,14163949141.8999,1848.93451
"Lithuania","LTU","Europe & Central Asia","2003",0.6703,18608709856.5781,1955.3577
"Lithuania","LTU","Europe & Central Asia","2004",0.75393,22551543054.4565,2206.84921
"Lithuania","LTU","Europe & Central Asia","2005",0.75215,25962254180.8029,2323.5493
"Lithuania","LTU","Europe & Central Asia","2006",0.79451,30088510798.0993,2463.86106
"Lithuania","LTU","Europe & Central Asia","2007",0.81393,39103973050.6292,2654.15876
"Lithuania","LTU","Europe & Central Asia","2008",0.79842,47252926428.6698,2682.8407
"Lithuania","LTU","Europe & Central Asia","2009",0.84304,36846183172.3027,2736.96773
"Lithuania","LTU","Europe & Central Asia","2010",0.80127,36306384146.1075,2802.38569
"Lithuania","LTU","Europe & Central Asia","2011",0.91765,42872072870.904,2756.2599
"Lithuania","LTU","Europe & Central Asia","2012",0.90166,42343521965.7483,2649.93538
"Low & middle income","LMY","","2005",0.833212997633338,9019309588616.2,464.603380608615
"Low & middle income","LMY","","2010",1.16582219229493,18834248062692.2,528.021005599125
"Luxembourg","LUX","Europe & Central Asia","2000",1.65421,20267551133.2228,3773.35128
"Luxembourg","LUX","Europe & Central Asia","2003",1.64898,29144582392.7765,4360.21799
"Luxembourg","LUX","Europe & Central Asia","2004",1.63129,34077095478.4477,4497.41777
"Luxembourg","LUX","Europe & Central Asia","2005",1.55933,37643013480.575,4864.07031
"Luxembourg","LUX","Europe & Central Asia","2006",1.66155,42544677906.1417,4406.17834
"Luxembourg","LUX","Europe & Central Asia","2007",1.57773,51320661750.8682,4620.25556
"Luxembourg","LUX","Europe & Central Asia","2008",1.65581,54742763112.0624,4694.34241
"Luxembourg","LUX","Europe & Central Asia","2009",1.74357,49420751773.8235,4810.92758
"Luxembourg","LUX","Europe & Central Asia","2010",1.50524,52053324635.073,5190.15131
"Luxembourg","LUX","Europe & Central Asia","2011",1.41434,58009863402.8645,5813.90845
"Luxembourg","LUX","Europe & Central Asia","2012",1.44066,55143457330.3577,6193.86571
"Macao SAR, China","MAC","East Asia & Pacific","2001",0.06554,6514271488.1434,260.91125
"Macao SAR, China","MAC","East Asia & Pacific","2002",0.07318,7008026414.60895,236.40662
"Macao SAR, China","MAC","East Asia & Pacific","2003",0.06496,7926373572.23623,325.92948
"Macao SAR, China","MAC","East Asia & Pacific","2004",0.05545,10258324479.1391,532.99371
"Macao SAR, China","MAC","East Asia & Pacific","2005",0.09033,11792570015.7933,635.48144
"Macao SAR, China","MAC","East Asia & Pacific","2006",0.08463,14568709574.0036,572.31226
"Macao SAR, China","MAC","East Asia & Pacific","2007",0.05806,18054684854.2242,396.7916
"Macao SAR, China","MAC","East Asia & Pacific","2008",0.1025,20731022857.2408,394.461
"Macao SAR, China","MAC","East Asia & Pacific","2009",0.05954,21313263933.1019,487.23489
"Macao SAR, China","MAC","East Asia & Pacific","2010",0.05172,28359706123.0951,502.50081
"Macao SAR, China","MAC","East Asia & Pacific","2011",0.04376,36634742798.942,475.85662
"Macedonia, FYR","MKD","Europe & Central Asia","1997",0.37773,3735312200.7332,614.5544
"Macedonia, FYR","MKD","Europe & Central Asia","1998",0.4296,3571043201.50842,683.02041
"Macedonia, FYR","MKD","Europe & Central Asia","1999",0.3451,3673288165.87004,666.50709
"Macedonia, FYR","MKD","Europe & Central Asia","2000",0.44059,3586883988.95646,645.67091
"Macedonia, FYR","MKD","Europe & Central Asia","2001",0.31635,3436961384.81241,600.45577
"Macedonia, FYR","MKD","Europe & Central Asia","2002",0.25926,3791306757.66238,561.11502
"Macedonia, FYR","MKD","Europe & Central Asia","2003",0.21906,4756221628.61111,537.27631
"Macedonia, FYR","MKD","Europe & Central Asia","2004",0.23947,5514253043.38147,512.53088
"Macedonia, FYR","MKD","Europe & Central Asia","2005",0.23861,5985809059.97008,532.52467
"Macedonia, FYR","MKD","Europe & Central Asia","2006",0.20268,6560546900.04109,507.21153
"Macedonia, FYR","MKD","Europe & Central Asia","2007",0.17463,8159825620.389,495.08256
"Macedonia, FYR","MKD","Europe & Central Asia","2008",0.2253,9834034351.06299,461.22275
"Macedonia, FYR","MKD","Europe & Central Asia","2009",0.19865,9313573964.98007,425.12513
"Madagascar","MDG","Sub-Saharan Africa","1998",0.11044,3738704582.02336,14.40138
"Madagascar","MDG","Sub-Saharan Africa","1999",0.096,3717515282.53878,14.87275
"Madagascar","MDG","Sub-Saharan Africa","2000",0.11976,3877673634.58854,15.24312
"Madagascar","MDG","Sub-Saharan Africa","2001",0.21821,4529575232.98509,50.62896
"Madagascar","MDG","Sub-Saharan Africa","2002",0.24552,4397254714.88337,47.08405
"Madagascar","MDG","Sub-Saharan Africa","2003",0.33841,5474030227.58602,47.20133
"Madagascar","MDG","Sub-Saharan Africa","2004",0.22353,4363934416.54784,47.7387
"Madagascar","MDG","Sub-Saharan Africa","2005",0.17555,5038577519.49857,48.05801
"Madagascar","MDG","Sub-Saharan Africa","2006",0.16373,5515236338.4864,47.75279
"Madagascar","MDG","Sub-Saharan Africa","2007",0.14037,7342905883.1691,48.37122
"Madagascar","MDG","Sub-Saharan Africa","2008",0.1343,9413002737.28079,46.67085
"Madagascar","MDG","Sub-Saharan Africa","2009",0.14616,8550363829.11527,45.37538
"Madagascar","MDG","Sub-Saharan Africa","2010",0.11187,8704983553.27022,52.13588
"Madagascar","MDG","Sub-Saharan Africa","2011",0.10567,9853981624.0665,51.01727
"Malaysia","MYS","East Asia & Pacific","1996",0.21645,100851389334.173,89.0882
"Malaysia","MYS","East Asia & Pacific","1998",0.39789,72175568305.8018,152.80659
"Malaysia","MYS","East Asia & Pacific","2000",0.469,93789473684.2105,274.24398
"Malaysia","MYS","East Asia & Pacific","2002",0.65254,100845526315.789,293.15393
"Malaysia","MYS","East Asia & Pacific","2004",0.5999,124749736842.105,499.48573
"Malaysia","MYS","East Asia & Pacific","2006",0.61106,162692467585.806,368.22516
"Malaysia","MYS","East Asia & Pacific","2008",0.78847,230987618903.551,598.64924
"Malaysia","MYS","East Asia & Pacific","2009",1.01001,202251384991.501,1065.41327
"Malaysia","MYS","East Asia & Pacific","2010",1.0674,247533525517.698,1458.96204
"Malaysia","MYS","East Asia & Pacific","2011",1.06529,289258937258.632,1642.69107
"Mali","MLI","Sub-Saharan Africa","2010",0.66142,9422267259.9894,31.63887
"Malta","MLT","Middle East & North Africa","2002",0.26036,4296164768.28161,662.61788
"Malta","MLT","Middle East & North Africa","2003",0.25267,5119621569.32049,670.24454
"Malta","MLT","Middle East & North Africa","2004",0.52912,5643525281.93441,1055.25571
"Malta","MLT","Middle East & North Africa","2005",0.5657,5980795755.74103,1154.92095
"Malta","MLT","Middle East & North Africa","2006",0.61592,6390123590.13841,1250.64813
"Malta","MLT","Middle East & North Africa","2007",0.57891,7513834699.60697,1175.23409
"Malta","MLT","Middle East & North Africa","2008",0.55969,8554293727.08674,1285.65861
"Malta","MLT","Middle East & North Africa","2009",0.54476,8099400960.97627,1168.2022
"Malta","MLT","Middle East & North Africa","2010",0.68136,8163841059.60265,1410.28116
"Malta","MLT","Middle East & North Africa","2011",0.72059,9151793160.96747,1780.20246
"Malta","MLT","Middle East & North Africa","2012",0.84241,8740973917.51253,1853.82594
"Mexico","MEX","Latin America & Caribbean","1996",0.25641,397404138184.313,204.66755
"Mexico","MEX","Latin America & Caribbean","1997",0.28425,480554647428.728,216.40206
"Mexico","MEX","Latin America & Caribbean","1998",0.31297,502010268264.169,206.91532
"Mexico","MEX","Latin America & Caribbean","1999",0.35204,579459682094.357,213.83589
"Mexico","MEX","Latin America & Caribbean","2000",0.31309,683647980782.407,213.99084
"Mexico","MEX","Latin America & Caribbean","2001",0.33445,724703571306.821,222.04611
"Mexico","MEX","Latin America & Caribbean","2002",0.37724,741559499084.745,291.70663
"Mexico","MEX","Latin America & Caribbean","2003",0.38416,713284260879.765,310.56029
"Mexico","MEX","Latin America & Caribbean","2004",0.39189,770267585947.191,363.16911
"Mexico","MEX","Latin America & Caribbean","2005",0.40176,866346483685.297,396.652
"Mexico","MEX","Latin America & Caribbean","2006",0.37266,966735935557.751,323.44871
"Mexico","MEX","Latin America & Caribbean","2007",0.36836,1043394940067.71,334.09725
"Mexico","MEX","Latin America & Caribbean","2008",0.40383,1099073123654.95,327.38577
"Mexico","MEX","Latin America & Caribbean","2009",0.43064,895313142212.023,369.10835
"Mexico","MEX","Latin America & Caribbean","2010",0.45592,1051627949327,382.10276
"Mexico","MEX","Latin America & Caribbean","2011",0.42869,1170085556895.86,386.43166
"Middle income","MIC","","2000",0.621138971551662,5561163550636.68,345.981864727909
"Middle income","MIC","","2005",0.837422289673007,8776111615725.21,479.264170045597
"Middle income","MIC","","2010",1.17294373301616,18395406969248.7,568.534026526276
"Moldova","MDA","Europe & Central Asia","2003",0.32405,1980901553.51226,702.42634
"Moldova","MDA","Europe & Central Asia","2004",0.34903,2598231467.43671,711.86686
"Moldova","MDA","Europe & Central Asia","2005",0.39865,2988172424.46608,685.67752
"Moldova","MDA","Europe & Central Asia","2006",0.40622,3408454197.89191,674.7335
"Moldova","MDA","Europe & Central Asia","2007",0.54558,4402495921.29332,705.75973
"Moldova","MDA","Europe & Central Asia","2008",0.53463,6054806100.84681,806.54254
"Moldova","MDA","Europe & Central Asia","2009",0.52557,5439422031.39627,793.823
"Moldova","MDA","Europe & Central Asia","2010",0.43987,5811604051.96737,758.18131
"Moldova","MDA","Europe & Central Asia","2011",0.40499,7016162818.43742,780.99244
"Montenegro","MNE","Europe & Central Asia","2011",0.40864,4501753897.55011,762.91723
"Morocco","MAR","Middle East & North Africa","2006",0.63568,65637107776.2619,657.07966
"Morocco","MAR","Middle East & North Africa","2010",0.7338,90770671431.6696,735.72262
"Mozambique","MOZ","Sub-Saharan Africa","2006",0.53299,7095910827.74363,15.61102
"Mozambique","MOZ","Sub-Saharan Africa","2008",0.17774,9891003404.78197,19.49696
"Mozambique","MOZ","Sub-Saharan Africa","2010",0.4626,9274448731.91612,38.06609
"Netherlands","NLD","Europe & Central Asia","1996",1.98411,417980392156.863,2290.39457
"Netherlands","NLD","Europe & Central Asia","1997",1.98928,386533770047.436,2438.7721
"Netherlands","NLD","Europe & Central Asia","1998",1.89505,402648300377.694,2491.12527
"Netherlands","NLD","Europe & Central Asia","1999",1.97984,411456424461.965,2650.32913
"Netherlands","NLD","Europe & Central Asia","2000",1.93559,385074626865.672,2660.42651
"Netherlands","NLD","Europe & Central Asia","2001",1.93308,400654138702.461,2858.83312
"Netherlands","NLD","Europe & Central Asia","2002",1.88021,437807265198.57,2734.94536
"Netherlands","NLD","Europe & Central Asia","2003",1.91804,538312641083.521,2715.08941
"Netherlands","NLD","Europe & Central Asia","2004",1.92779,609889925685.869,2983.84279
"Netherlands","NLD","Europe & Central Asia","2005",1.90336,638470626274.685,2935.42446
"Netherlands","NLD","Europe & Central Asia","2006",1.88351,677692043124.96,3245.64038
"Netherlands","NLD","Europe & Central Asia","2007",1.80876,782567278575.217,3105.11902
"Netherlands","NLD","Europe & Central Asia","2008",1.76658,870811515663.594,3073.58257
"Netherlands","NLD","Europe & Central Asia","2009",1.81566,796332969120.84,2835.40851
"Netherlands","NLD","Europe & Central Asia","2010",1.8562,777157702271.347,3232.15255
"Netherlands","NLD","Europe & Central Asia","2011",2.02672,832755438977.414,3506.93253
"Netherlands","NLD","Europe & Central Asia","2012",2.15676,770066718924.593,3505.9553
"New Zealand","NZL","East Asia & Pacific","1997",1.06669,65475635125.7644,2202.55103
"New Zealand","NZL","East Asia & Pacific","1999",0.97416,58174788520.4214,2296.87112
"New Zealand","NZL","East Asia & Pacific","2001",1.11265,53305290473.7988,2643.71226
"New Zealand","NZL","East Asia & Pacific","2003",1.15985,87440454378.8934,3074.83313
"New Zealand","NZL","East Asia & Pacific","2005",1.12939,113790762791.032,3141.17864
"New Zealand","NZL","East Asia & Pacific","2007",1.17448,135294592082.535,3449.30723
"New Zealand","NZL","East Asia & Pacific","2009",1.28243,118952901992.338,3724.31639
"New Zealand","NZL","East Asia & Pacific","2011",1.2709,163986606003.175,3692.86007
"Nicaragua","NIC","Latin America & Caribbean","1997",0.0651,4389965590.57432,70.11362
"Nigeria","NGA","Sub-Saharan Africa","2007",0.21896,166451202370.171,38.56649
"North America","NAC","","1996",2.38500318707682,8729845885049.5,3097.92713928497
"North America","NAC","","1997",2.4130230794578,9262433838122.34,3195.49974393923
"North America","NAC","","1998",2.44880000398078,9723663171323.22,3346.71693363137
"North America","NAC","","1999",2.49181239896127,10343349666896.5,3406.59162194881
"North America","NAC","","2000",2.57165703920875,11032636147893.7,3460.68842839221
"North America","NAC","","2001",2.60199637226824,11361697425148.8,3540.9913718988
"North America","NAC","","2002",2.51649278300631,11736668930032.8,3617.54199471534
"North America","NAC","","2003",2.51549557277596,12404138291469.2,3850.84197978314
"North America","NAC","","2004",2.45714175869118,13299870277395.5,3773.94021369387
"North America","NAC","","2005",2.46763139574027,14264447609989.7,3746.55683650848
"North America","NAC","","2006",2.50257483774634,15174109488078.2,3810.36506457494
"North America","NAC","","2007",2.56491862505274,15944067885625.9,3815.71258606279
"North America","NAC","","2008",2.68511717920463,16268970656744.9,3965.3919900989
"North America","NAC","","2009",2.74161084350116,15794545532047,4082.41859989705
"North America","NAC","","2010",2.65189639416219,16578116507764.1,3911.02059413368
"North America","NAC","","2011",2.66143345051771,17317982817932.6,4036.71630227204
"Norway","NOR","Europe & Central Asia","1997",1.62505,158223061045.607,3963.328
"Norway","NOR","Europe & Central Asia","1999",1.63804,159045286696.071,4096.07771
"Norway","NOR","Europe & Central Asia","2001",1.59047,170922851073.768,4360.17891
"Norway","NOR","Europe & Central Asia","2003",1.70929,224880794327.844,4505.86435
"Norway","NOR","Europe & Central Asia","2004",1.57077,260029106207.989,4503.11696
"Norway","NOR","Europe & Central Asia","2005",1.50591,304060069848.661,4584.45528
"Norway","NOR","Europe & Central Asia","2006",1.47902,340041735966.736,4836.07907
"Norway","NOR","Europe & Central Asia","2007",1.59424,393479385840.205,5157.84524
"Norway","NOR","Europe & Central Asia","2008",1.58313,453885460992.908,5353.34976
"Norway","NOR","Europe & Central Asia","2009",1.75813,378849191624.702,5433.21251
"Norway","NOR","Europe & Central Asia","2010",1.68061,420945705225.424,5407.81898
"Norway","NOR","Europe & Central Asia","2011",1.65191,490806911071.277,5507.55559
"Norway","NOR","Europe & Central Asia","2012",1.65474,500029909755.049,5588.44585
"OECD members","OED","","1996",2.17450573164788,25079608391996.5,2467.32336204274
"OECD members","OED","","1997",2.19465022119554,24735624422590.6,2506.12986601364
"OECD members","OED","","1998",2.20060610255486,24952328697175.5,2591.86479196705
"OECD members","OED","","1999",2.2700440591339,26246640257897.2,2657.4040091469
"OECD members","OED","","2000",2.32507216624302,26796514641523.3,2711.58969513459
"OECD members","OED","","2001",2.35761065508266,26554669409129.8,2791.06680730096
"OECD members","OED","","2002",2.29790657493268,27709750295536.2,2833.42292401263
"OECD members","OED","","2003",2.29112208357759,31028921870593.1,2972.82891181226
"OECD members","OED","","2004",2.24391825685184,34515536745064.2,3029.25617081611
"OECD members","OED","","2005",2.25957126601062,36463300699653.9,3087.80808560466
"OECD members","OED","","2006",2.28525060783552,38451029092832.6,3175.82279570535
"OECD members","OED","","2007",2.29199907496457,42021866238785.8,3165.24259631548
"OECD members","OED","","2008",2.39356219869538,44453702263742.6,3271.36819277933
"OECD members","OED","","2009",2.47573512633556,41600747939793,3320.91809403566
"OECD members","OED","","2010",2.43373456328807,43639499445322.6,3322.55848533915
"OECD members","OED","","2011",2.46906626694273,46856968201560.5,3455.30481438325
"Oman","OMN","Middle East & North Africa","2011",0.13249,69971912137.5134,159.88963
"Pakistan","PAK","South Asia","1997",0.15565,62433340468.0228,74.67955
"Pakistan","PAK","South Asia","2005",0.43689,109502102510.883,80.32466
"Pakistan","PAK","South Asia","2007",0.6325,152385716311.916,160.66778
"Pakistan","PAK","South Asia","2009",0.44806,167874973609.977,162.27498
"Pakistan","PAK","South Asia","2011",0.32902,213685918598.93,148.85362
"Panama","PAN","Latin America & Caribbean","1996",0.32834,9322100000,111.10223
"Panama","PAN","Latin America & Caribbean","1997",0.31671,1.0084e+10,113.73729
"Panama","PAN","Latin America & Caribbean","1998",0.28506,10932500000,157.17159
"Panama","PAN","Latin America & Caribbean","1999",0.28805,11456300000,96.20251
"Panama","PAN","Latin America & Caribbean","2000",0.38398,11620500000,93.62278
"Panama","PAN","Latin America & Caribbean","2001",0.38196,11807500000,88.56347
"Panama","PAN","Latin America & Caribbean","2002",0.36233,12272400000,93.44177
"Panama","PAN","Latin America & Caribbean","2003",0.33998,12933200000,93.80385
"Panama","PAN","Latin America & Caribbean","2004",0.23979,14179300000,92.02821
"Panama","PAN","Latin America & Caribbean","2005",0.24546,15464700000,102.20061
"Panama","PAN","Latin America & Caribbean","2006",0.24917,1.7137e+10,87.50159
"Panama","PAN","Latin America & Caribbean","2007",0.19552,21121900000,136.34929
"Panama","PAN","Latin America & Caribbean","2008",0.20851,2.4884e+10,106.65601
"Panama","PAN","Latin America & Caribbean","2009",0.20651,25925100000,108.96482
"Panama","PAN","Latin America & Caribbean","2010",0.19519,28814100000,111.46975
"Paraguay","PRY","Latin America & Caribbean","2001",0.07427,7662595075.90241,88.06691
"Paraguay","PRY","Latin America & Caribbean","2002",0.08525,6325151760.0669,81.66751
"Paraguay","PRY","Latin America & Caribbean","2003",0.07163,6588103836.34739,80.67085
"Paraguay","PRY","Latin America & Caribbean","2004",0.07266,8033877360.41697,85.46035
"Paraguay","PRY","Latin America & Caribbean","2005",0.07487,8734651405.96572,71.00067
"Paraguay","PRY","Latin America & Caribbean","2008",0.05472,18504128632.4505,74.72733
"Paraguay","PRY","Latin America & Caribbean","2011",0.05483,25071193102.1055,48.22689
"Philippines","PHL","East Asia & Pacific","2003",0.12994,83908205719.8012,70.94029
"Philippines","PHL","East Asia & Pacific","2005",0.11143,103065972407.859,80.35309
"Philippines","PHL","East Asia & Pacific","2007",0.10963,149359920006.4,78.278
"Poland","POL","Europe & Central Asia","1996",0.65368,156684099254.479,1363.66115
"Poland","POL","Europe & Central Asia","1997",0.65217,157153835128.946,1445.66175
"Poland","POL","Europe & Central Asia","1998",0.66651,172901536513.783,1461.89871
"Poland","POL","Europe & Central Asia","1999",0.68959,167801749888.458,1469.98388
"Poland","POL","Europe & Central Asia","2000",0.64431,171276118424.232,1438.64231
"Poland","POL","Europe & Central Asia","2001",0.62317,190420870074.99,1465.44108
"Poland","POL","Europe & Central Asia","2002",0.55925,198179425151.286,1481.82313
"Poland","POL","Europe & Central Asia","2003",0.54061,216800888642.044,1531.87836
"Poland","POL","Europe & Central Asia","2004",0.55761,252768998589.254,1594.33027
"Poland","POL","Europe & Central Asia","2005",0.56692,303912247950.845,1627.01282
"Poland","POL","Europe & Central Asia","2006",0.55591,341669943593.876,1559.73309
"Poland","POL","Europe & Central Asia","2007",0.56708,425321502150.576,1607.66402
"Poland","POL","Europe & Central Asia","2008",0.60417,529432301178.815,1618.37206
"Poland","POL","Europe & Central Asia","2009",0.67459,430917310342.617,1599.87575
"Poland","POL","Europe & Central Asia","2010",0.7353,469799124465.227,1688.82734
"Poland","POL","Europe & Central Asia","2011",0.76477,515771297421.358,1678.66705
"Poland","POL","Europe & Central Asia","2012",0.89972,490212958697.989,1753.44621
"Portugal","PRT","Europe & Central Asia","1996",0.55619,121154795944.892,1244.57393
"Portugal","PRT","Europe & Central Asia","1997",0.57035,115661406518.01,1339.82502
"Portugal","PRT","Europe & Central Asia","1998",0.63039,122858971504.898,1437.6965
"Portugal","PRT","Europe & Central Asia","1999",0.68662,126423822714.681,1534.7056
"Portugal","PRT","Europe & Central Asia","2000",0.72778,117299520913.949,1624.10229
"Portugal","PRT","Europe & Central Asia","2001",0.77223,120332080536.913,1712.46278
"Portugal","PRT","Europe & Central Asia","2002",0.73204,132285714285.714,1826.10962
"Portugal","PRT","Europe & Central Asia","2003",0.71065,161931941309.255,1939.06887
"Portugal","PRT","Europe & Central Asia","2004",0.74364,185397304327.851,1974.03027
"Portugal","PRT","Europe & Central Asia","2005",0.77858,191847858528.578,2009.92449
"Portugal","PRT","Europe & Central Asia","2006",0.98655,201790440626.865,2339.54347
"Portugal","PRT","Europe & Central Asia","2007",1.1651,231741732391.234,2669.20724
"Portugal","PRT","Europe & Central Asia","2008",1.5031,251925400440.928,3822.9333
"Portugal","PRT","Europe & Central Asia","2009",1.64019,234119267350.319,4166.4826
"Portugal","PRT","Europe & Central Asia","2010",1.59007,228939349298.937,4367.97059
"Portugal","PRT","Europe & Central Asia","2011",1.52293,237888302255.978,4723.81134
"Portugal","PRT","Europe & Central Asia","2012",1.49533,212140251057.284,4780.76641
"Puerto Rico","PRI","Latin America & Caribbean","2009",0.48946,95369800000,674.40892
"Romania","ROU","Europe & Central Asia","1996",0.70543,35333677695.2593,1326.63846
"Romania","ROU","Europe & Central Asia","1997",0.57922,35285888482.0479,1251.50683
"Romania","ROU","Europe & Central Asia","1998",0.49048,42115494069.2734,1216.75417
"Romania","ROU","Europe & Central Asia","1999",0.40236,35592337082.8604,1043.94319
"Romania","ROU","Europe & Central Asia","2000",0.36575,37305099928.1587,914.58264
"Romania","ROU","Europe & Central Asia","2001",0.38945,40585886768.9713,884.17385
"Romania","ROU","Europe & Central Asia","2002",0.37784,45988510813.5033,911.7482
"Romania","ROU","Europe & Central Asia","2003",0.386,59466017705.5346,944.30165
"Romania","ROU","Europe & Central Asia","2004",0.3852,75794733525.1394,959.33043
"Romania","ROU","Europe & Central Asia","2005",0.40964,99172613715.9198,1038.20042
"Romania","ROU","Europe & Central Asia","2006",0.45432,122695850811.978,862.02798
"Romania","ROU","Europe & Central Asia","2007",0.52339,170616958884.446,854.29024
"Romania","ROU","Europe & Central Asia","2008",0.57911,204338605783.705,882.95168
"Romania","ROU","Europe & Central Asia","2009",0.47031,164344371295.287,879.41982
"Romania","ROU","Europe & Central Asia","2010",0.46086,164792252745.524,904.78795
"Romania","ROU","Europe & Central Asia","2011",0.50059,182610666615.642,737.31262
"Romania","ROU","Europe & Central Asia","2012",0.48898,169396055590.796,828.14132
"Russian Federation","RUS","Europe & Central Asia","1996",0.96593,391721392325.09,3788.16558
"Russian Federation","RUS","Europe & Central Asia","1997",1.04374,404926534140.017,3595.82179
"Russian Federation","RUS","Europe & Central Asia","1998",0.95384,270953116950.026,3334.07011
"Russian Federation","RUS","Europe & Central Asia","1999",0.99624,195905767668.562,3374.82293
"Russian Federation","RUS","Europe & Central Asia","2000",1.04984,259708496267.33,3450.60002
"Russian Federation","RUS","Europe & Central Asia","2001",1.17694,306602673980.117,3460.19803
"Russian Federation","RUS","Europe & Central Asia","2002",1.24782,345110438693.573,3380.57485
"Russian Federation","RUS","Europe & Central Asia","2003",1.28603,430347770733.155,3364.70319
"Russian Federation","RUS","Europe & Central Asia","2004",1.15133,591016690742.937,3309.37799
"Russian Federation","RUS","Europe & Central Asia","2005",1.06797,764000901160.58,3227.73172
"Russian Federation","RUS","Europe & Central Asia","2006",1.07294,989930542278.684,3231.09575
"Russian Federation","RUS","Europe & Central Asia","2007",1.11611,1299705247685.76,3265.35495
"Russian Federation","RUS","Europe & Central Asia","2008",1.04435,1660844408499.61,3140.46713
"Russian Federation","RUS","Europe & Central Asia","2009",1.25192,1222643696991.85,3077.90241
"Russian Federation","RUS","Europe & Central Asia","2010",1.1302,1524916112078.87,3078.10489
"Russian Federation","RUS","Europe & Central Asia","2011",1.09396,1904793021649.09,3120.36229
"Russian Federation","RUS","Europe & Central Asia","2012",1.11802,2017470930421.08,3096.11004
"Senegal","SEN","Sub-Saharan Africa","2008",0.36834,13386346542.8972,369.88131
"Senegal","SEN","Sub-Saharan Africa","2010",0.54086,12932427724.3508,361.29701
"Serbia","SRB","Europe & Central Asia","2007",0.36239,38952093544.4413,896.40985
"Serbia","SRB","Europe & Central Asia","2008",0.38481,47760580365.5549,1022.25423
"Serbia","SRB","Europe & Central Asia","2009",0.91707,40249472481.7477,1076.48266
"Serbia","SRB","Europe & Central Asia","2010",0.79213,36990001283.5323,1138.67792
"Serbia","SRB","Europe & Central Asia","2011",0.77744,43749934551.4044,1221.15199
"Serbia","SRB","Europe & Central Asia","2012",0.9868,38110737578.742,1235.48124
"Seychelles","SYC","Sub-Saharan Africa","2005",0.30209,919103261.987138,149.26401
"Singapore","SGP","East Asia & Pacific","1996",1.33535,96400967111.4728,2551.19976
"Singapore","SGP","East Asia & Pacific","1997",1.42744,100163601638.149,2656.36069
"Singapore","SGP","East Asia & Pacific","1998",1.75169,85707550880.7849,3050.72604
"Singapore","SGP","East Asia & Pacific","1999",1.84635,86285332761.7027,3295.75096
"Singapore","SGP","East Asia & Pacific","2000",1.85105,95835970989.329,4245.02493
"Singapore","SGP","East Asia & Pacific","2001",2.05725,89285087394.9509,4160.88449
"Singapore","SGP","East Asia & Pacific","2002",2.09776,91941791943.6165,4380.84695
"Singapore","SGP","East Asia & Pacific","2003",2.04845,97002305536.1569,4706.21651
"Singapore","SGP","East Asia & Pacific","2004",2.13241,114186643421.944,4881.6466
"Singapore","SGP","East Asia & Pacific","2005",2.19493,127417879442.861,5291.76158
"Singapore","SGP","East Asia & Pacific","2006",2.16488,147794117647.059,5425.17083
"Singapore","SGP","East Asia & Pacific","2007",2.36478,179981089530.567,5769.44738
"Singapore","SGP","East Asia & Pacific","2008",2.64338,192231202951.056,5741.97987
"Singapore","SGP","East Asia & Pacific","2009",2.20015,192406441416.028,6149.94384
"Singapore","SGP","East Asia & Pacific","2010",2.054,236420337242.775,6306.51024
"Singapore","SGP","East Asia & Pacific","2011",2.22947,274065043105.538,6494.08929
"Singapore","SGP","East Asia & Pacific","2012",2.09652,286908399901.813,6437.73344
"Slovak Republic","SVK","Europe & Central Asia","1996",0.91051,27284429657.7947,1863.24386
"Slovak Republic","SVK","Europe & Central Asia","1997",1.07701,27039033646.7656,1857.74537
"Slovak Republic","SVK","Europe & Central Asia","1998",0.78051,29278281686.9896,1884.43028
"Slovak Republic","SVK","Europe & Central Asia","1999",0.65563,29947934157.2555,1708.75303
"Slovak Republic","SVK","Europe & Central Asia","2000",0.64797,28724041827.8976,1847.62092
"Slovak Republic","SVK","Europe & Central Asia","2001",0.63358,30318731991.0515,1778.80533
"Slovak Republic","SVK","Europe & Central Asia","2002",0.57114,34638306041.7843,1703.9993
"Slovak Republic","SVK","Europe & Central Asia","2003",0.57345,45837416478.5553,1786.93372
"Slovak Republic","SVK","Europe & Central Asia","2004",0.51193,56073225726.3472,1989.07344
"Slovak Republic","SVK","Europe & Central Asia","2005",0.50503,61328471583.1364,2025.52579
"Slovak Republic","SVK","Europe & Central Asia","2006",0.48662,69002095094.7184,2181.77432
"Slovak Republic","SVK","Europe & Central Asia","2007",0.45994,84108560087.5992,2285.39484
"Slovak Republic","SVK","Europe & Central Asia","2008",0.47344,97908891167.4235,2324.33818
"Slovak Republic","SVK","Europe & Central Asia","2009",0.48251,87239747151.9867,2449.74972
"Slovak Republic","SVK","Europe & Central Asia","2010",0.63332,87077443708.6093,2794.32705
"Slovak Republic","SVK","Europe & Central Asia","2011",0.67915,95877536836.2524,2817.13001
"Slovak Republic","SVK","Europe & Central Asia","2012",0.82315,91347809328.0226,2804.18315
"Slovenia","SVN","Europe & Central Asia","1996",1.28599,21149908175.7633,2256.10881
"Slovenia","SVN","Europe & Central Asia","1997",1.26741,20420238057.0626,2022.33519
"Slovenia","SVN","Europe & Central Asia","1998",1.32899,21747365515.4183,2154.55907
"Slovenia","SVN","Europe & Central Asia","1999",1.36092,22309684226.3866,2225.54241
"Slovenia","SVN","Europe & Central Asia","2000",1.38087,19979467790.4398,2179.39278
"Slovenia","SVN","Europe & Central Asia","2001",1.49473,20498926980.9993,2260.60595
"Slovenia","SVN","Europe & Central Asia","2002",1.46527,23136352386.3753,2332.55782
"Slovenia","SVN","Europe & Central Asia","2003",1.26862,29152072067.9303,1895.68176
"Slovenia","SVN","Europe & Central Asia","2004",1.39364,33837749815.1716,2020.47751
"Slovenia","SVN","Europe & Central Asia","2005",1.43709,35717733757.4551,2626.04176
"Slovenia","SVN","Europe & Central Asia","2006",1.55811,38945146499.5315,2915.32855
"Slovenia","SVN","Europe & Central Asia","2007",1.44814,47306799054.202,3093.82048
"Slovenia","SVN","Europe & Central Asia","2008",1.65493,54606018255.4563,3459.82967
"Slovenia","SVN","Europe & Central Asia","2009",1.8603,49056152691.0253,3642.41521
"Slovenia","SVN","Europe & Central Asia","2010",2.10624,46908328071.2701,3749.81988
"Slovenia","SVN","Europe & Central Asia","2011",2.47362,50250208507.4658,4255.1912
"Slovenia","SVN","Europe & Central Asia","2012",2.79952,45378388796.4421,4397.60373
"South Africa","ZAF","Sub-Saharan Africa","1997",0.59834,148814165965.067,198.87392
"South Africa","ZAF","Sub-Saharan Africa","2001",0.73412,118478986832.603,311.60179
"South Africa","ZAF","Sub-Saharan Africa","2003",0.79232,168219325183.617,301.49761
"South Africa","ZAF","Sub-Saharan Africa","2004",0.8486,219092936699.386,376.72703
"South Africa","ZAF","Sub-Saharan Africa","2005",0.9006,247051562311.219,358.72117
"South Africa","ZAF","Sub-Saharan Africa","2006",0.93473,261007039378.852,379.66053
"South Africa","ZAF","Sub-Saharan Africa","2007",0.92373,286171830700.042,389.49996
"South Africa","ZAF","Sub-Saharan Africa","2008",0.93247,273141750192.768,385.62361
"South Africa","ZAF","Sub-Saharan Africa","2009",0.87079,284183101099.752,388.94159
"South Africa","ZAF","Sub-Saharan Africa","2010",0.7616,365208432989.369,363.82302
"South Asia","SAS","","1996",0.613107690816877,524982429564.385,154.080246179578
"South Asia","SAS","","1998",0.6178720298716,558746375970.894,116.62456
"South Asia","SAS","","2000",0.646349042039199,622975897562.65,111.655785780908
"South Asia","SAS","","2005",0.767095962158138,1044617146261.14,130.350981345416
"South Asia","SAS","","2010",0.774820203462628,2071202515114.07,158.975492717587
"Spain","ESP","Europe & Central Asia","1996",0.81352,622063575463.024,1306.71065
"Spain","ESP","Europe & Central Asia","1997",0.80171,572485227272.727,1360.55202
"Spain","ESP","Europe & Central Asia","1998",0.87424,600651520213.832,1516.96672
"Spain","ESP","Europe & Central Asia","1999",0.86177,617581504368.208,1541.3312
"Spain","ESP","Europe & Central Asia","2000",0.90791,580345494748.48,1903.28494
"Spain","ESP","Europe & Central Asia","2001",0.91522,608856375838.926,1964.84625
"Spain","ESP","Europe & Central Asia","2002",0.98642,686295878035.008,2015.09972
"Spain","ESP","Europe & Central Asia","2003",1.04881,883839729119.639,2202.08967
"Spain","ESP","Europe & Central Asia","2004",1.06333,1044612070303.53,2364.63798
"Spain","ESP","Europe & Central Asia","2005",1.1214,1130798885738.45,2528.84721
"Spain","ESP","Europe & Central Asia","2006",1.19885,1236352422041.69,2629.48365
"Spain","ESP","Europe & Central Asia","2007",1.26689,1441427520487.25,2745.47546
"Spain","ESP","Europe & Central Asia","2008",1.35149,1593420676187.58,2895.14835
"Spain","ESP","Europe & Central Asia","2009",1.39285,1454335843719.93,2924.39186
"Spain","ESP","Europe & Central Asia","2010",1.3952,1384844699967.05,2915.70069
"Spain","ESP","Europe & Central Asia","2011",1.35563,1454534452553.67,2799.90051
"Spain","ESP","Europe & Central Asia","2012",1.30142,1322481642058.38,2719.07278
"Sri Lanka","LKA","South Asia","1996",0.18356,13897738375.2488,187.71987
"Sri Lanka","LKA","South Asia","2000",0.14392,16330810303.9159,134.61456
"Sri Lanka","LKA","South Asia","2004",0.1821,20662525941.2986,135.73094
"Sri Lanka","LKA","South Asia","2006",0.1742,28267410542.5164,91.02394
"Sri Lanka","LKA","South Asia","2008",0.11444,40715240468.9375,96.41906
"Sri Lanka","LKA","South Asia","2010",0.15664,49567521669.9098,103.08891
"Sweden","SWE","Europe & Central Asia","1997",3.4675,253177906717.835,4162.72251
"Sweden","SWE","Europe & Central Asia","1999",3.58067,258813540859.799,4503.90389
"Sweden","SWE","Europe & Central Asia","2001",4.13,227359498891.481,5174.73812
"Sweden","SWE","Europe & Central Asia","2003",3.80267,314713404152.703,5388.87561
"Sweden","SWE","Europe & Central Asia","2004",3.57507,362089648912.965,5431.74126
"Sweden","SWE","Europe & Central Asia","2005",3.55914,370579722395.003,6100.66507
"Sweden","SWE","Europe & Central Asia","2006",3.68411,399075706646.303,6131.02094
"Sweden","SWE","Europe & Central Asia","2007",3.43479,462512853670.12,5001.77145
"Sweden","SWE","Europe & Central Asia","2008",3.69517,486158669286.192,5438.2661
"Sweden","SWE","Europe & Central Asia","2009",3.6167,405783038816.242,5065.36044
"Sweden","SWE","Europe & Central Asia","2010",3.39194,463062061648.77,5255.85579
"Sweden","SWE","Europe & Central Asia","2011",3.38709,536000581090.037,5142.25632
"Sweden","SWE","Europe & Central Asia","2012",3.40622,523941063360.369,5181.19843
"Switzerland","CHE","Europe & Central Asia","1996",2.59029,312031429538.026,3131.1826
"Switzerland","CHE","Europe & Central Asia","2000",2.46875,256042925982.354,3643.11003
"Switzerland","CHE","Europe & Central Asia","2004",2.8151,374224186243.667,3458.32453
"Switzerland","CHE","Europe & Central Asia","2008",2.87046,524289203562.031,3285.1818
"Tanzania","TZA","Sub-Saharan Africa","2010",0.51616,22915004297.2183,35.56775
"Thailand","THA","East Asia & Pacific","1996",0.11989,181947631899.938,101.37313
"Thailand","THA","East Asia & Pacific","1997",0.10166,150891449495.045,73.23076
"Thailand","THA","East Asia & Pacific","1999",0.25654,122629741697.716,169.05986
"Thailand","THA","East Asia & Pacific","2001",0.2627,115536405150.354,280.80325
"Thailand","THA","East Asia & Pacific","2003",0.26192,142640079033.312,280.888
"Thailand","THA","East Asia & Pacific","2005",0.23498,176351948403.908,312.78463
"Thailand","THA","East Asia & Pacific","2007",0.21378,246976870172.836,323.74387
"Thailand","THA","East Asia & Pacific","2009",0.25056,263711244888.554,331.93851
"Togo","TGO","Sub-Saharan Africa","2010",0.25349,3172945506.35697,34.9349
"Tunisia","TUN","Middle East & North Africa","1998",0.39029,21803372266.6198,702.11654
"Tunisia","TUN","Middle East & North Africa","1999",0.39756,22943685719.103,731.20816
"Tunisia","TUN","Middle East & North Africa","2000",0.4145,21473188881.5933,786.787
"Tunisia","TUN","Middle East & North Africa","2001",0.48194,22066101341.4888,882.18961
"Tunisia","TUN","Middle East & North Africa","2002",0.57141,23141757277.9136,1016.4482
"Tunisia","TUN","Middle East & North Africa","2003",0.66152,27453084982.5378,1143.96573
"Tunisia","TUN","Middle East & North Africa","2004",0.90117,31183139301.4853,1301.85178
"Tunisia","TUN","Middle East & North Africa","2005",0.9171,32282960678.4888,1457.51537
"Tunisia","TUN","Middle East & North Africa","2006",0.95506,34378437265.2141,1558.32887
"Tunisia","TUN","Middle East & North Africa","2007",1.00472,38920218579.235,1781.30437
"Tunisia","TUN","Middle East & North Africa","2008",1.0341,44856586316.0458,1836.70052
"Turkey","TUR","Europe & Central Asia","1996",0.45159,181475555282.555,304.24359
"Turkey","TUR","Europe & Central Asia","1997",0.49169,189834649111.257,313.1894
"Turkey","TUR","Europe & Central Asia","1998",0.37095,269287100727.18,308.68626
"Turkey","TUR","Europe & Central Asia","1999",0.46767,249751469771.285,322.36153
"Turkey","TUR","Europe & Central Asia","2000",0.47909,266567532725.557,365.38487
"Turkey","TUR","Europe & Central Asia","2001",0.53779,196005289695.051,354.16373
"Turkey","TUR","Europe & Central Asia","2002",0.52594,232534560441.697,369.02724
"Turkey","TUR","Europe & Central Asia","2003",0.48311,303005303081.914,495.31179
"Turkey","TUR","Europe & Central Asia","2004",0.51831,392166275594.77,506.78777
"Turkey","TUR","Europe & Central Asia","2005",0.59104,482979839097.436,577.75637
"Turkey","TUR","Europe & Central Asia","2006",0.58016,530900094651.427,621.67794
"Turkey","TUR","Europe & Central Asia","2007",0.72241,647155131952.005,714.68133
"Turkey","TUR","Europe & Central Asia","2008",0.72518,730337495747.601,750.54328
"Turkey","TUR","Europe & Central Asia","2009",0.84902,614553921823.292,810.74796
"Turkey","TUR","Europe & Central Asia","2010",0.84343,731168051933.644,891.92055
"Turkey","TUR","Europe & Central Asia","2011",0.85952,774754155293.922,986.99623
"Uganda","UGA","Sub-Saharan Africa","2010",0.55794,16030996179.1077,37.15221
"Ukraine","UKR","Europe & Central Asia","2006",0.94908,107753069306.931,1467.08666
"Ukraine","UKR","Europe & Central Asia","2007",0.85319,142719009900.99,1446.68586
"Ukraine","UKR","Europe & Central Asia","2008",0.84644,179992405832.321,1418.98374
"Ukraine","UKR","Europe & Central Asia","2009",0.85644,117227769791.56,1336.97432
"Ukraine","UKR","Europe & Central Asia","2010",0.83098,136419300367.962,1320.54744
"Ukraine","UKR","Europe & Central Asia","2011",0.73662,163421733018.726,1252.90591
"United Kingdom","GBR","Europe & Central Asia","1996",1.80097,1241831513260.53,2488.20156
"United Kingdom","GBR","Europe & Central Asia","1997",1.73365,1384119187950.23,2496.13718
"United Kingdom","GBR","Europe & Central Asia","1998",1.73204,1477759191785.36,2693.49738
"United Kingdom","GBR","Europe & Central Asia","1999",1.80402,1518173434719.3,2853.03504
"United Kingdom","GBR","Europe & Central Asia","2000",1.79488,1493628385534.88,2893.13337
"United Kingdom","GBR","Europe & Central Asia","2001",1.77236,1485147545703.18,3077.59759
"United Kingdom","GBR","Europe & Central Asia","2002",1.77794,1620900779376.5,3334.28439
"United Kingdom","GBR","Europe & Central Asia","2003",1.73249,1875141224489.8,3629.77046
"United Kingdom","GBR","Europe & Central Asia","2004",1.6693,2220820974770.22,3817.1619
"United Kingdom","GBR","Europe & Central Asia","2005",1.69816,2321357943508.92,4123.29523
"United Kingdom","GBR","Europe & Central Asia","2006",1.71941,2483010316107.11,4190.12206
"United Kingdom","GBR","Europe & Central Asia","2007",1.75061,2857082734448.73,4143.82989
"United Kingdom","GBR","Europe & Central Asia","2008",1.75376,2687795428484.76,4107.58718
"United Kingdom","GBR","Europe & Central Asia","2009",1.82477,2208001972523.51,4151.06648
"United Kingdom","GBR","Europe & Central Asia","2010",1.77448,2295522887421.77,4134.043
"United Kingdom","GBR","Europe & Central Asia","2011",1.78145,2462484285580.42,4026.42879
"United Kingdom","GBR","Europe & Central Asia","2012",1.72108,2461768284867.76,4024.2046
"United States","USA","North America","1996",2.44182,8.1002e+12,3102.26942
"United States","USA","North America","1997",2.47092,8.6085e+12,3203.81615
"United States","USA","North America","1998",2.49677,9.0891e+12,3367.30057
"United States","USA","North America","1999",2.54041,9.6657e+12,3424.43632
"United States","USA","North America","2000",2.61925,1.02897e+13,3454.77092
"United States","USA","North America","2001",2.63746,1.06253e+13,3524.14483
"United States","USA","North America","2002",2.54905,1.09802e+13,3607.81853
"United States","USA","North America","2003",2.55253,1.15122e+13,3845.39632
"United States","USA","North America","2004",2.48953,1.2277e+13,3739.91293
"United States","USA","North America","2005",2.50567,1.30954e+13,3692.78345
"United States","USA","North America","2006",2.54965,1.38579e+13,3755.46898
"United States","USA","North America","2007",2.62644,1.44803e+13,3731.4249
"United States","USA","North America","2008",2.76651,1.47203e+13,3883.89499
"United States","USA","North America","2009",2.81594,1.44179e+13,4042.05628
"United States","USA","North America","2010",2.73827,1.49583e+13,3837.60044
"United States","USA","North America","2011",2.76264,1.55338e+13,3978.72846
"Upper middle income","UMC","","1997",0.465353525420355,4055146286999.26,438.116409152724
"Upper middle income","UMC","","1999",0.546140515387381,3969756827046.73,412.425878442533
"Upper middle income","UMC","","2000",0.653105017466105,4321010303461.21,502.528325188524
"Upper middle income","UMC","","2001",0.674549325960584,4329001721140.24,514.136743940183
"Upper middle income","UMC","","2002",0.730177800954237,4288462918820.93,566.059738266737
"Upper middle income","UMC","","2003",0.762105591648183,4782723831123.13,586.454634957929
"Upper middle income","UMC","","2004",0.797271046241763,5656478449743.93,642.311343808127
"Upper middle income","UMC","","2005",0.872340292028778,6736200445260.11,729.412972323425
"Upper middle income","UMC","","2006",0.909162402346942,7915612059324.36,792.528421031225
"Upper middle income","UMC","","2007",0.958661858910471,9757199518581.76,881.803223346995
"Upper middle income","UMC","","2008",1.02877788282364,11864393475392.9,970.947404566776
"Upper middle income","UMC","","2009",1.20908507393864,11730593316898.3,762.506205847849
"Upper middle income","UMC","","2010",1.26154018151663,14097444300015.9,817.734939348014
"Upper middle income","UMC","","2011",1.34603191561914,16506682184652.8,897.474478307067
"Uruguay","URY","Latin America & Caribbean","1999",0.22417,23983945190.6167,218.84418
"Uruguay","URY","Latin America & Caribbean","2000",0.20925,22823255805.9664,277.55319
"Uruguay","URY","Latin America & Caribbean","2002",0.23818,13606494599.021,373.25319
"Uruguay","URY","Latin America & Caribbean","2008",0.36265,30366148205.2651,273.82142
"Uruguay","URY","Latin America & Caribbean","2009",0.44267,30461322555.1438,481.18828
"Uruguay","URY","Latin America & Caribbean","2010",0.40964,38881102074.9532,549.52844
"Uruguay","URY","Latin America & Caribbean","2011",0.43051,47236710623.1139,525.19798
"Vietnam","VNM","East Asia & Pacific","2002",0.17808,37947904054.452,113.00136
"World","WLD","","2000",2.09803111773752,32981134227025.7,1082.38738764284
"World","WLD","","2005",2.01849359858522,46467711675341.8,1206.41908542176
"World","WLD","","2010",2.11551620087371,64548295699227.7,1283.90267941558
"Zambia","ZMB","Sub-Saharan Africa","1996",0.01214,3270303803.00356,49.04494
"Zambia","ZMB","Sub-Saharan Africa","1997",0.00811,3910391437.08071,53.11108
"Zambia","ZMB","Sub-Saharan Africa","2008",0.34033,14640792100.4893,43.02965
